STCode,DTCode,DTName,SDTCode,SDTName,TVCode,Name,Address
29,577,Mysore,5573,Heggadadevankote ,619080,Hegganur,"Hegganur,Heggadadevankote,Mysore,Karnataka,India"
29,577,Mysore,5574,Nanjangud ,619124,Kanenur,"Kanenur,Nanjangud,Mysore,Karnataka,India"
29,577,Mysore,5574,Nanjangud ,619128,Huskur,"Huskur,Nanjangud,Mysore,Karnataka,India"
29,577,Mysore,5574,Nanjangud ,619135,Katur,"Katur,Nanjangud,Mysore,Karnataka,India"
29,577,Mysore,5574,Nanjangud ,619138,Rajur,"Rajur,Nanjangud,Mysore,Karnataka,India"
29,577,Mysore,5574,Nanjangud ,619148,Kaggalur,"Kaggalur,Nanjangud,Mysore,Karnataka,India"
29,577,Mysore,5574,Nanjangud ,619162,Ariyur,"Ariyur,Nanjangud,Mysore,Karnataka,India"
29,577,Mysore,5574,Nanjangud ,619165,Thelanur,"Thelanur,Nanjangud,Mysore,Karnataka,India"
29,577,Mysore,5574,Nanjangud ,619200,Alathur,"Alathur,Nanjangud,Mysore,Karnataka,India"
29,577,Mysore,5574,Nanjangud ,619207,Alambur,"Alambur,Nanjangud,Mysore,Karnataka,India"
29,577,Mysore,5574,Nanjangud ,619214,Suthur,"Suthur,Nanjangud,Mysore,Karnataka,India"
29,577,Mysore,5574,Nanjangud ,619237,Debur,"Debur,Nanjangud,Mysore,Karnataka,India"
29,577,Mysore,5574,Nanjangud ,619244,Golur,"Golur,Nanjangud,Mysore,Karnataka,India"
29,577,Mysore,5574,Nanjangud ,619246,Mullur,"Mullur,Nanjangud,Mysore,Karnataka,India"
29,577,Mysore,5574,Nanjangud ,619265,Navilur,"Navilur,Nanjangud,Mysore,Karnataka,India"
29,577,Mysore,5574,Nanjangud ,619271,Kugalur,"Kugalur,Nanjangud,Mysore,Karnataka,India"
29,577,Mysore,5574,Nanjangud ,619278,Devanur,"Devanur,Nanjangud,Mysore,Karnataka,India"
29,577,Mysore,5574,Nanjangud ,619298,Haraganapur,"Haraganapur,Nanjangud,Mysore,Karnataka,India"
29,577,Mysore,5575,Tirumakudal - Narsipur ,619350,Uddibagur,"Uddibagur,Tirumakudal - Narsipur,Mysore,Karnataka,India"
29,577,Mysore,5575,Tirumakudal - Narsipur ,619380,Ranganathapur,"Ranganathapur,Tirumakudal - Narsipur,Mysore,Karnataka,India"
29,577,Mysore,5575,Tirumakudal - Narsipur ,619423,Akkur,"Akkur,Tirumakudal - Narsipur,Mysore,Karnataka,India"
29,578,Chamarajanagar,5576,Gundlupet ,619454,Begur,"Begur,Gundlupet,Chamarajanagar,Karnataka,India"
29,578,Chamarajanagar,5576,Gundlupet ,619458,Taggalur,"Taggalur,Gundlupet,Chamarajanagar,Karnataka,India"
29,578,Chamarajanagar,5576,Gundlupet ,619481,Alathur,"Alathur,Gundlupet,Chamarajanagar,Karnataka,India"
29,578,Chamarajanagar,5576,Gundlupet ,619499,Kuthanur,"Kuthanur,Gundlupet,Chamarajanagar,Karnataka,India"
29,578,Chamarajanagar,5576,Gundlupet ,619505,Chikkathuppur,"Chikkathuppur,Gundlupet,Chamarajanagar,Karnataka,India"
29,578,Chamarajanagar,5576,Gundlupet ,619506,Hosur,"Hosur,Gundlupet,Chamarajanagar,Karnataka,India"
29,578,Chamarajanagar,5576,Gundlupet ,619511,Doddathuppur,"Doddathuppur,Gundlupet,Chamarajanagar,Karnataka,India"
29,578,Chamarajanagar,5576,Gundlupet ,619514,Annur,"Annur,Gundlupet,Chamarajanagar,Karnataka,India"
29,578,Chamarajanagar,5576,Gundlupet ,619518,Padagur,"Padagur,Gundlupet,Chamarajanagar,Karnataka,India"
29,578,Chamarajanagar,5576,Gundlupet ,619521,Mudagur,"Mudagur,Gundlupet,Chamarajanagar,Karnataka,India"
29,578,Chamarajanagar,5576,Gundlupet ,619523,Lakkur,"Lakkur,Gundlupet,Chamarajanagar,Karnataka,India"
29,578,Chamarajanagar,5576,Gundlupet ,619527,Kelasur,"Kelasur,Gundlupet,Chamarajanagar,Karnataka,India"
29,578,Chamarajanagar,5576,Gundlupet ,619528,Kasavanur,"Kasavanur,Gundlupet,Chamarajanagar,Karnataka,India"
29,578,Chamarajanagar,5576,Gundlupet ,619535,Huttur,"Huttur,Gundlupet,Chamarajanagar,Karnataka,India"
29,578,Chamarajanagar,5576,Gundlupet ,619543,Daribegur,"Daribegur,Gundlupet,Chamarajanagar,Karnataka,India"
29,578,Chamarajanagar,5576,Gundlupet ,619549,Kadabur,"Kadabur,Gundlupet,Chamarajanagar,Karnataka,India"
29,578,Chamarajanagar,5576,Gundlupet ,619552,Yeriyur,"Yeriyur,Gundlupet,Chamarajanagar,Karnataka,India"
29,578,Chamarajanagar,5576,Gundlupet ,619559,Maddur,"Maddur,Gundlupet,Chamarajanagar,Karnataka,India"
29,578,Chamarajanagar,5577,Chamarajanagar ,619601,Aldur,"Aldur,Chamarajanagar,Chamarajanagar,Karnataka,India"
29,578,Chamarajanagar,5577,Chamarajanagar ,619602,Navilur,"Navilur,Chamarajanagar,Chamarajanagar,Karnataka,India"
29,578,Chamarajanagar,5577,Chamarajanagar ,619603,Ganaganur,"Ganaganur,Chamarajanagar,Chamarajanagar,Karnataka,India"
29,578,Chamarajanagar,5577,Chamarajanagar ,619604,Jannur,"Jannur,Chamarajanagar,Chamarajanagar,Karnataka,India"
29,578,Chamarajanagar,5577,Chamarajanagar ,619607,Thelanur,"Thelanur,Chamarajanagar,Chamarajanagar,Karnataka,India"
29,578,Chamarajanagar,5577,Chamarajanagar ,619611,Ummathur,"Ummathur,Chamarajanagar,Chamarajanagar,Karnataka,India"
29,578,Chamarajanagar,5577,Chamarajanagar ,619627,Suthur,"Suthur,Chamarajanagar,Chamarajanagar,Karnataka,India"
29,578,Chamarajanagar,5577,Chamarajanagar ,619643,Yalakkur,"Yalakkur,Chamarajanagar,Chamarajanagar,Karnataka,India"
29,578,Chamarajanagar,5577,Chamarajanagar ,619656,Kiragasur,"Kiragasur,Chamarajanagar,Chamarajanagar,Karnataka,India"
29,578,Chamarajanagar,5577,Chamarajanagar ,619659,Kudalur,"Kudalur,Chamarajanagar,Chamarajanagar,Karnataka,India"
29,578,Chamarajanagar,5577,Chamarajanagar ,619681,Chikkabegur,"Chikkabegur,Chamarajanagar,Chamarajanagar,Karnataka,India"
29,578,Chamarajanagar,5577,Chamarajanagar ,619682,Hirebegur,"Hirebegur,Chamarajanagar,Chamarajanagar,Karnataka,India"
29,578,Chamarajanagar,5577,Chamarajanagar ,619753,Alur,"Alur,Chamarajanagar,Chamarajanagar,Karnataka,India"
29,578,Chamarajanagar,5577,Chamarajanagar ,619763,Hebbasur,"Hebbasur,Chamarajanagar,Chamarajanagar,Karnataka,India"
29,578,Chamarajanagar,5577,Chamarajanagar ,619767,Nallur,"Nallur,Chamarajanagar,Chamarajanagar,Karnataka,India"
29,578,Chamarajanagar,5577,Chamarajanagar ,619783,Punajanur,"Punajanur,Chamarajanagar,Chamarajanagar,Karnataka,India"
29,578,Chamarajanagar,5578,Yelandur ,619785,Kesthur,"Kesthur,Yelandur,Chamarajanagar,Karnataka,India"
29,578,Chamarajanagar,5578,Yelandur ,619793,Maddur,"Maddur,Yelandur,Chamarajanagar,Karnataka,India"
29,578,Chamarajanagar,5578,Yelandur ,619795,Ganiganur,"Ganiganur,Yelandur,Chamarajanagar,Karnataka,India"
29,578,Chamarajanagar,5578,Yelandur ,619799,Honnur,"Honnur,Yelandur,Chamarajanagar,Karnataka,India"
29,578,Chamarajanagar,5578,Yelandur ,619803,Yeriyur,"Yeriyur,Yelandur,Chamarajanagar,Karnataka,India"
29,578,Chamarajanagar,5579,Kollegal ,619817,Tellanur,"Tellanur,Kollegal,Chamarajanagar,Karnataka,India"
29,578,Chamarajanagar,5579,Kollegal ,619818,Chikkilur,"Chikkilur,Kollegal,Chamarajanagar,Karnataka,India"
29,578,Chamarajanagar,5579,Kollegal ,619822,Saragur,"Saragur,Kollegal,Chamarajanagar,Karnataka,India"
29,578,Chamarajanagar,5579,Kollegal ,619829,Singanallur,"Singanallur,Kollegal,Chamarajanagar,Karnataka,India"
29,578,Chamarajanagar,5579,Kollegal ,619836,Kunthur,"Kunthur,Kollegal,Chamarajanagar,Karnataka,India"
29,578,Chamarajanagar,5579,Kollegal ,619838,Mullur,"Mullur,Kollegal,Chamarajanagar,Karnataka,India"
29,578,Chamarajanagar,5579,Kollegal ,619854,Goreyur,"Goreyur,Kollegal,Chamarajanagar,Karnataka,India"
29,578,Chamarajanagar,5579,Kollegal ,619861,Uddanur,"Uddanur,Kollegal,Chamarajanagar,Karnataka,India"
29,578,Chamarajanagar,5579,Kollegal ,619862,Belathur,"Belathur,Kollegal,Chamarajanagar,Karnataka,India"
29,578,Chamarajanagar,5579,Kollegal ,619869,Kannur,"Kannur,Kollegal,Chamarajanagar,Karnataka,India"
29,578,Chamarajanagar,5579,Kollegal ,619878,Huthur,"Huthur,Kollegal,Chamarajanagar,Karnataka,India"
29,578,Chamarajanagar,5579,Kollegal ,619879,Bylur,"Bylur,Kollegal,Chamarajanagar,Karnataka,India"
29,578,Chamarajanagar,5579,Kollegal ,619888,Kurahatti Hosur,"Kurahatti Hosur,Kollegal,Chamarajanagar,Karnataka,India"
29,578,Chamarajanagar,5579,Kollegal ,619892,Doddalathur,"Doddalathur,Kollegal,Chamarajanagar,Karnataka,India"
29,579,Gulbarga,5580,Aland ,619960,Annur,"Annur,Aland,Gulbarga,Karnataka,India"
29,579,Gulbarga,5580,Aland ,619961,Hodlur,"Hodlur,Aland,Gulbarga,Karnataka,India"
29,579,Gulbarga,5580,Aland ,619963,Nandgur,"Nandgur,Aland,Gulbarga,Karnataka,India"
29,579,Gulbarga,5580,Aland ,619987,Dhammur,"Dhammur,Aland,Gulbarga,Karnataka,India"
29,579,Gulbarga,5580,Aland ,620004,Chinchansur,"Chinchansur,Aland,Gulbarga,Karnataka,India"
29,579,Gulbarga,5580,Aland ,620005,Rikkenalur,"Rikkenalur,Aland,Gulbarga,Karnataka,India"
29,579,Gulbarga,5580,Aland ,620023,Mamdapur,"Mamdapur,Aland,Gulbarga,Karnataka,India"
29,579,Gulbarga,5580,Aland ,620026,Khanapur,"Khanapur,Aland,Gulbarga,Karnataka,India"
29,579,Gulbarga,5580,Aland ,620028,Shakhapur,"Shakhapur,Aland,Gulbarga,Karnataka,India"
29,579,Gulbarga,5580,Aland ,620041,Bhimpur,"Bhimpur,Aland,Gulbarga,Karnataka,India"
29,579,Gulbarga,5580,Aland ,620053,Kerur,"Kerur,Aland,Gulbarga,Karnataka,India"
29,579,Gulbarga,5580,Aland ,620054,Dargasirur,"Dargasirur,Aland,Gulbarga,Karnataka,India"
29,579,Gulbarga,5580,Aland ,620067,Nellur,"Nellur,Aland,Gulbarga,Karnataka,India"
29,579,Gulbarga,5580,Aland ,620068,Dhannur,"Dhannur,Aland,Gulbarga,Karnataka,India"
29,579,Gulbarga,5580,Aland ,620069,Tellur,"Tellur,Aland,Gulbarga,Karnataka,India"
29,579,Gulbarga,5580,Aland ,620077,Dhangapur,"Dhangapur,Aland,Gulbarga,Karnataka,India"
29,579,Gulbarga,5580,Aland ,620080,Hithal Sirur,"Hithal Sirur,Aland,Gulbarga,Karnataka,India"
29,579,Gulbarga,5580,Aland ,620084,Benisirur,"Benisirur,Aland,Gulbarga,Karnataka,India"
29,579,Gulbarga,5580,Aland ,620087,Vaijapur,"Vaijapur,Aland,Gulbarga,Karnataka,India"
29,579,Gulbarga,5581,Afzalpur ,620088,Mannur,"Mannur,Afzalpur,Gulbarga,Karnataka,India"
29,579,Gulbarga,5581,Afzalpur ,620098,Kodagnur,"Kodagnur,Afzalpur,Gulbarga,Karnataka,India"
29,579,Gulbarga,5581,Afzalpur ,620127,Tellur,"Tellur,Afzalpur,Gulbarga,Karnataka,India"
29,579,Gulbarga,5581,Afzalpur ,620128,Anur,"Anur,Afzalpur,Gulbarga,Karnataka,India"
29,579,Gulbarga,5581,Afzalpur ,620130,Shivpur,"Shivpur,Afzalpur,Gulbarga,Karnataka,India"
29,579,Gulbarga,5581,Afzalpur ,620131,Kesapur,"Kesapur,Afzalpur,Gulbarga,Karnataka,India"
29,579,Gulbarga,5581,Afzalpur ,620133,Kalur,"Kalur,Afzalpur,Gulbarga,Karnataka,India"
29,579,Gulbarga,5581,Afzalpur ,620137,Guolnur,"Guolnur,Afzalpur,Gulbarga,Karnataka,India"
29,579,Gulbarga,5581,Afzalpur ,620141,Kolnur,"Kolnur,Afzalpur,Gulbarga,Karnataka,India"
29,579,Gulbarga,5581,Afzalpur ,620143,Sidnur,"Sidnur,Afzalpur,Gulbarga,Karnataka,India"
29,579,Gulbarga,5581,Afzalpur ,620146,Kognur,"Kognur,Afzalpur,Gulbarga,Karnataka,India"
29,579,Gulbarga,5581,Afzalpur ,620147,Gudur,"Gudur,Afzalpur,Gulbarga,Karnataka,India"
29,579,Gulbarga,5581,Afzalpur ,620155,Dannur,"Dannur,Afzalpur,Gulbarga,Karnataka,India"
29,579,Gulbarga,5581,Afzalpur ,620162,D.Ghangapur,"D.Ghangapur,Afzalpur,Gulbarga,Karnataka,India"
29,579,Gulbarga,5581,Afzalpur ,620163,Chowdapur,"Chowdapur,Afzalpur,Gulbarga,Karnataka,India"
29,579,Gulbarga,5581,Afzalpur ,620166,Hawanur,"Hawanur,Afzalpur,Gulbarga,Karnataka,India"
29,579,Gulbarga,5581,Afzalpur ,620167,Bidnur,"Bidnur,Afzalpur,Gulbarga,Karnataka,India"
29,579,Gulbarga,5581,Afzalpur ,620177,Sagnur,"Sagnur,Afzalpur,Gulbarga,Karnataka,India"
29,579,Gulbarga,5582,Gulbarga ,620188,Malsapur,"Malsapur,Gulbarga,Gulbarga,Karnataka,India"
29,579,Gulbarga,5582,Gulbarga ,620198,Kamalapur,"Kamalapur,Gulbarga,Gulbarga,Karnataka,India"
29,579,Gulbarga,5582,Gulbarga ,620199,Dinshikurnur,"Dinshikurnur,Gulbarga,Gulbarga,Karnataka,India"
29,579,Gulbarga,5582,Gulbarga ,620209,Dastapur,"Dastapur,Gulbarga,Gulbarga,Karnataka,India"
29,579,Gulbarga,5582,Gulbarga ,620225,Sirgapur,"Sirgapur,Gulbarga,Gulbarga,Karnataka,India"
29,579,Gulbarga,5582,Gulbarga ,620229,Kadbur,"Kadbur,Gulbarga,Gulbarga,Karnataka,India"
29,579,Gulbarga,5582,Gulbarga ,620242,Bhopal Tegnur,"Bhopal Tegnur,Gulbarga,Gulbarga,Karnataka,India"
29,579,Gulbarga,5582,Gulbarga ,620244,Halsultanpur,"Halsultanpur,Gulbarga,Gulbarga,Karnataka,India"
29,579,Gulbarga,5582,Gulbarga ,620246,Venkatbennur,"Venkatbennur,Gulbarga,Gulbarga,Karnataka,India"
29,579,Gulbarga,5582,Gulbarga ,620248,Khajikotnur,"Khajikotnur,Gulbarga,Gulbarga,Karnataka,India"
29,579,Gulbarga,5582,Gulbarga ,620250,Kalbenur,"Kalbenur,Gulbarga,Gulbarga,Karnataka,India"
29,579,Gulbarga,5582,Gulbarga ,620253,Zhapur,"Zhapur,Gulbarga,Gulbarga,Karnataka,India"
29,579,Gulbarga,5582,Gulbarga ,620255,Sannur,"Sannur,Gulbarga,Gulbarga,Karnataka,India"
29,579,Gulbarga,5582,Gulbarga ,620259,Pallapur,"Pallapur,Gulbarga,Gulbarga,Karnataka,India"
29,579,Gulbarga,5582,Gulbarga ,620261,Nizampur,"Nizampur,Gulbarga,Gulbarga,Karnataka,India"
29,579,Gulbarga,5582,Gulbarga ,620265,Azadpur,"Azadpur,Gulbarga,Gulbarga,Karnataka,India"
29,579,Gulbarga,5582,Gulbarga ,620271,Nandikur,"Nandikur,Gulbarga,Gulbarga,Karnataka,India"
29,579,Gulbarga,5582,Gulbarga ,620274,Dharmapur,"Dharmapur,Gulbarga,Gulbarga,Karnataka,India"
29,579,Gulbarga,5582,Gulbarga ,620280,Taj Sultanpur,"Taj Sultanpur,Gulbarga,Gulbarga,Karnataka,India"
29,579,Gulbarga,5582,Gulbarga ,620291,Kollur,"Kollur,Gulbarga,Gulbarga,Karnataka,India"
29,579,Gulbarga,5582,Gulbarga ,620306,Jogur,"Jogur,Gulbarga,Gulbarga,Karnataka,India"
29,579,Gulbarga,5582,Gulbarga ,620316,Naddisinur,"Naddisinur,Gulbarga,Gulbarga,Karnataka,India"
29,579,Gulbarga,5583,Chincholi ,620326,Khanapur,"Khanapur,Chincholi,Gulbarga,Karnataka,India"
29,579,Gulbarga,5583,Chincholi ,620327,Ainapur,"Ainapur,Chincholi,Gulbarga,Karnataka,India"
29,579,Gulbarga,5583,Chincholi ,620329,Salgar Basanthpur,"Salgar Basanthpur,Chincholi,Gulbarga,Karnataka,India"
29,579,Gulbarga,5583,Chincholi ,620330,Yetabarpur,"Yetabarpur,Chincholi,Gulbarga,Karnataka,India"
29,579,Gulbarga,5583,Chincholi ,620337,Channur,"Channur,Chincholi,Gulbarga,Karnataka,India"
29,579,Gulbarga,5583,Chincholi ,620344,Ranapur,"Ranapur,Chincholi,Gulbarga,Karnataka,India"
29,579,Gulbarga,5583,Chincholi ,620348,Tajlapur,"Tajlapur,Chincholi,Gulbarga,Karnataka,India"
29,579,Gulbarga,5583,Chincholi ,620353,Tirmalapur,"Tirmalapur,Chincholi,Gulbarga,Karnataka,India"
29,579,Gulbarga,5583,Chincholi ,620355,Manikpur,"Manikpur,Chincholi,Gulbarga,Karnataka,India"
29,579,Gulbarga,5583,Chincholi ,620358,Sangapur,"Sangapur,Chincholi,Gulbarga,Karnataka,India"
29,579,Gulbarga,5583,Chincholi ,620361,Venkatapur,"Venkatapur,Chincholi,Gulbarga,Karnataka,India"
29,579,Gulbarga,5583,Chincholi ,620364,Kollur,"Kollur,Chincholi,Gulbarga,Karnataka,India"
29,579,Gulbarga,5583,Chincholi ,620368,Fathepur,"Fathepur,Chincholi,Gulbarga,Karnataka,India"
29,579,Gulbarga,5583,Chincholi ,620374,Bhonaspur,"Bhonaspur,Chincholi,Gulbarga,Karnataka,India"
29,579,Gulbarga,5583,Chincholi ,620375,Shivrampur,"Shivrampur,Chincholi,Gulbarga,Karnataka,India"
29,579,Gulbarga,5583,Chincholi ,620376,Magdampur,"Magdampur,Chincholi,Gulbarga,Karnataka,India"
29,579,Gulbarga,5583,Chincholi ,620383,Mambapur,"Mambapur,Chincholi,Gulbarga,Karnataka,India"
29,579,Gulbarga,5583,Chincholi ,620385,Shadipur,"Shadipur,Chincholi,Gulbarga,Karnataka,India"
29,579,Gulbarga,5583,Chincholi ,620386,Yakatpur,"Yakatpur,Chincholi,Gulbarga,Karnataka,India"
29,579,Gulbarga,5583,Chincholi ,620393,Daultapur,"Daultapur,Chincholi,Gulbarga,Karnataka,India"
29,579,Gulbarga,5583,Chincholi ,620408,Pastpur,"Pastpur,Chincholi,Gulbarga,Karnataka,India"
29,579,Gulbarga,5583,Chincholi ,620409,Rustumpur,"Rustumpur,Chincholi,Gulbarga,Karnataka,India"
29,579,Gulbarga,5583,Chincholi ,620411,Khudavandpur,"Khudavandpur,Chincholi,Gulbarga,Karnataka,India"
29,579,Gulbarga,5583,Chincholi ,620415,Dastapur,"Dastapur,Chincholi,Gulbarga,Karnataka,India"
29,579,Gulbarga,5583,Chincholi ,620417,Khairtapur,"Khairtapur,Chincholi,Gulbarga,Karnataka,India"
29,579,Gulbarga,5583,Chincholi ,620423,Allapur,"Allapur,Chincholi,Gulbarga,Karnataka,India"
29,579,Gulbarga,5583,Chincholi ,620445,Yakapur,"Yakapur,Chincholi,Gulbarga,Karnataka,India"
29,579,Gulbarga,5583,Chincholi ,620454,Ghanpur,"Ghanpur,Chincholi,Gulbarga,Karnataka,India"
29,579,Gulbarga,5583,Chincholi ,620459,Venkatapur,"Venkatapur,Chincholi,Gulbarga,Karnataka,India"
29,579,Gulbarga,5583,Chincholi ,620462,Bhootpur,"Bhootpur,Chincholi,Gulbarga,Karnataka,India"
29,579,Gulbarga,5583,Chincholi ,620470,Jettur,"Jettur,Chincholi,Gulbarga,Karnataka,India"
29,579,Gulbarga,5584,Sedam ,620477,Kachur,"Kachur,Sedam,Gulbarga,Karnataka,India"
29,579,Gulbarga,5584,Sedam ,620480,Telkur,"Telkur,Sedam,Gulbarga,Karnataka,India"
29,579,Gulbarga,5584,Sedam ,620518,Imdapur,"Imdapur,Sedam,Gulbarga,Karnataka,India"
29,579,Gulbarga,5584,Sedam ,620528,Bannur,"Bannur,Sedam,Gulbarga,Karnataka,India"
29,579,Gulbarga,5584,Sedam ,620531,Anantapur,"Anantapur,Sedam,Gulbarga,Karnataka,India"
29,579,Gulbarga,5584,Sedam ,620539,Bhutpur,"Bhutpur,Sedam,Gulbarga,Karnataka,India"
29,579,Gulbarga,5584,Sedam ,620547,Turnur,"Turnur,Sedam,Gulbarga,Karnataka,India"
29,579,Gulbarga,5584,Sedam ,620548,Raghapur,"Raghapur,Sedam,Gulbarga,Karnataka,India"
29,579,Gulbarga,5584,Sedam ,620550,Konapur,"Konapur,Sedam,Gulbarga,Karnataka,India"
29,579,Gulbarga,5584,Sedam ,620562,Kadlapur,"Kadlapur,Sedam,Gulbarga,Karnataka,India"
29,579,Gulbarga,5584,Sedam ,620569,Gajalapur,"Gajalapur,Sedam,Gulbarga,Karnataka,India"
29,579,Gulbarga,5584,Sedam ,620571,Shahabajpur,"Shahabajpur,Sedam,Gulbarga,Karnataka,India"
29,579,Gulbarga,5584,Sedam ,620572,Shankerajpur,"Shankerajpur,Sedam,Gulbarga,Karnataka,India"
29,579,Gulbarga,5584,Sedam ,620574,Chandapur,"Chandapur,Sedam,Gulbarga,Karnataka,India"
29,579,Gulbarga,5584,Sedam ,620575,Venkatapur,"Venkatapur,Sedam,Gulbarga,Karnataka,India"
29,579,Gulbarga,5584,Sedam ,620578,Kishtapur,"Kishtapur,Sedam,Gulbarga,Karnataka,India"
29,579,Gulbarga,5585,Chitapur ,620594,Mavinsur,"Mavinsur,Chitapur,Gulbarga,Karnataka,India"
29,579,Gulbarga,5585,Chitapur ,620595,Bhedsur,"Bhedsur,Chitapur,Gulbarga,Karnataka,India"
29,579,Gulbarga,5585,Chitapur ,620604,Gotur,"Gotur,Chitapur,Gulbarga,Karnataka,India"
29,579,Gulbarga,5585,Chitapur ,620607,Rajapur,"Rajapur,Chitapur,Gulbarga,Karnataka,India"
29,579,Gulbarga,5585,Chitapur ,620608,Donnur,"Donnur,Chitapur,Gulbarga,Karnataka,India"
29,579,Gulbarga,5585,Chitapur ,620612,Kodadur,"Kodadur,Chitapur,Gulbarga,Karnataka,India"
29,579,Gulbarga,5585,Chitapur ,620626,Hampapur,"Hampapur,Chitapur,Gulbarga,Karnataka,India"
29,579,Gulbarga,5585,Chitapur ,620638,Pethsirur,"Pethsirur,Chitapur,Gulbarga,Karnataka,India"
29,579,Gulbarga,5585,Chitapur ,620645,Martur,"Martur,Chitapur,Gulbarga,Karnataka,India"
29,579,Gulbarga,5585,Chitapur ,620646,Devantegnur,"Devantegnur,Chitapur,Gulbarga,Karnataka,India"
29,579,Gulbarga,5585,Chitapur ,620678,Hossur,"Hossur,Chitapur,Gulbarga,Karnataka,India"
29,579,Gulbarga,5585,Chitapur ,620693,Ladlapur,"Ladlapur,Chitapur,Gulbarga,Karnataka,India"
29,579,Gulbarga,5585,Chitapur ,620694,Devapur,"Devapur,Chitapur,Gulbarga,Karnataka,India"
29,579,Gulbarga,5585,Chitapur ,620695,Konchur,"Konchur,Chitapur,Gulbarga,Karnataka,India"
29,579,Gulbarga,5585,Chitapur ,620703,Yagapur,"Yagapur,Chitapur,Gulbarga,Karnataka,India"
29,579,Gulbarga,5585,Chitapur ,620705,Turnur,"Turnur,Chitapur,Gulbarga,Karnataka,India"
29,579,Gulbarga,5585,Chitapur ,620707,Kollur,"Kollur,Chitapur,Gulbarga,Karnataka,India"
29,579,Gulbarga,5586,Jevargi ,620715,Hullur,"Hullur,Jevargi,Gulbarga,Karnataka,India"
29,579,Gulbarga,5586,Jevargi ,620729,Mahur,"Mahur,Jevargi,Gulbarga,Karnataka,India"
29,579,Gulbarga,5586,Jevargi ,620739,Belur,"Belur,Jevargi,Gulbarga,Karnataka,India"
29,579,Gulbarga,5586,Jevargi ,620740,Narayanpur,"Narayanpur,Jevargi,Gulbarga,Karnataka,India"
29,579,Gulbarga,5586,Jevargi ,620759,Kolkur,"Kolkur,Jevargi,Gulbarga,Karnataka,India"
29,579,Gulbarga,5586,Jevargi ,620765,Shakapur,"Shakapur,Jevargi,Gulbarga,Karnataka,India"
29,579,Gulbarga,5586,Jevargi ,620773,Harnur,"Harnur,Jevargi,Gulbarga,Karnataka,India"
29,579,Gulbarga,5586,Jevargi ,620774,Kellur,"Kellur,Jevargi,Gulbarga,Karnataka,India"
29,579,Gulbarga,5586,Jevargi ,620777,Shakapur,"Shakapur,Jevargi,Gulbarga,Karnataka,India"
29,579,Gulbarga,5586,Jevargi ,620789,Saidapur,"Saidapur,Jevargi,Gulbarga,Karnataka,India"
29,579,Gulbarga,5586,Jevargi ,620795,Kachapur,"Kachapur,Jevargi,Gulbarga,Karnataka,India"
29,579,Gulbarga,5586,Jevargi ,620799,Ainapur,"Ainapur,Jevargi,Gulbarga,Karnataka,India"
29,579,Gulbarga,5586,Jevargi ,620803,Allapur,"Allapur,Jevargi,Gulbarga,Karnataka,India"
29,579,Gulbarga,5586,Jevargi ,620809,Bennur,"Bennur,Jevargi,Gulbarga,Karnataka,India"
29,579,Gulbarga,5586,Jevargi ,620819,Alur,"Alur,Jevargi,Gulbarga,Karnataka,India"
29,579,Gulbarga,5586,Jevargi ,620831,Kachur,"Kachur,Jevargi,Gulbarga,Karnataka,India"
29,579,Gulbarga,5586,Jevargi ,620832,Shivapur,"Shivapur,Jevargi,Gulbarga,Karnataka,India"
29,579,Gulbarga,5586,Jevargi ,620835,Konnur,"Konnur,Jevargi,Gulbarga,Karnataka,India"
29,579,Gulbarga,5586,Jevargi ,620836,Sadnapur,"Sadnapur,Jevargi,Gulbarga,Karnataka,India"
29,579,Gulbarga,5586,Jevargi ,620841,Channur,"Channur,Jevargi,Gulbarga,Karnataka,India"
29,579,Gulbarga,5586,Jevargi ,620853,Jainapur,"Jainapur,Jevargi,Gulbarga,Karnataka,India"
29,579,Gulbarga,5586,Jevargi ,620861,Rampur,"Rampur,Jevargi,Gulbarga,Karnataka,India"
29,579,Gulbarga,5586,Jevargi ,620865,Lakhanapur,"Lakhanapur,Jevargi,Gulbarga,Karnataka,India"
29,579,Gulbarga,5586,Jevargi ,620866,Ibrahimpur,"Ibrahimpur,Jevargi,Gulbarga,Karnataka,India"
29,579,Gulbarga,5586,Jevargi ,620870,Kadyapur,"Kadyapur,Jevargi,Gulbarga,Karnataka,India"
29,580,Yadgir,5587,Shorapur ,620881,Dand Sholapur,"Dand Sholapur,Shorapur,Yadgir,Karnataka,India"
29,580,Yadgir,5587,Shorapur ,620895,Yektapur,"Yektapur,Shorapur,Yadgir,Karnataka,India"
29,580,Yadgir,5587,Shorapur ,620896,Ainapur,"Ainapur,Shorapur,Yadgir,Karnataka,India"
29,580,Yadgir,5587,Shorapur ,620897,Malkapur,"Malkapur,Shorapur,Yadgir,Karnataka,India"
29,580,Yadgir,5587,Shorapur ,620901,Kachapur,"Kachapur,Shorapur,Yadgir,Karnataka,India"
29,580,Yadgir,5587,Shorapur ,620902,Fathepur,"Fathepur,Shorapur,Yadgir,Karnataka,India"
29,580,Yadgir,5587,Shorapur ,620908,Jainapur,"Jainapur,Shorapur,Yadgir,Karnataka,India"
29,580,Yadgir,5587,Shorapur ,620918,Rampur,"Rampur,Shorapur,Yadgir,Karnataka,India"
29,580,Yadgir,5587,Shorapur ,620919,Yediapur,"Yediapur,Shorapur,Yadgir,Karnataka,India"
29,580,Yadgir,5587,Shorapur ,620923,Shakhapur,"Shakhapur,Shorapur,Yadgir,Karnataka,India"
29,580,Yadgir,5587,Shorapur ,620936,Isampur,"Isampur,Shorapur,Yadgir,Karnataka,India"
29,580,Yadgir,5587,Shorapur ,620939,Channur,"Channur,Shorapur,Yadgir,Karnataka,India"
29,580,Yadgir,5587,Shorapur ,620946,Srinivaspur,"Srinivaspur,Shorapur,Yadgir,Karnataka,India"
29,580,Yadgir,5587,Shorapur ,620950,Manjlapur,"Manjlapur,Shorapur,Yadgir,Karnataka,India"
29,580,Yadgir,5587,Shorapur ,620958,Rajankollur,"Rajankollur,Shorapur,Yadgir,Karnataka,India"
29,580,Yadgir,5587,Shorapur ,620965,Bassapur,"Bassapur,Shorapur,Yadgir,Karnataka,India"
29,580,Yadgir,5587,Shorapur ,620969,Mailapur,"Mailapur,Shorapur,Yadgir,Karnataka,India"
29,580,Yadgir,5587,Shorapur ,620982,Jamalpur,"Jamalpur,Shorapur,Yadgir,Karnataka,India"
29,580,Yadgir,5587,Shorapur ,620983,Dharampur,"Dharampur,Shorapur,Yadgir,Karnataka,India"
29,580,Yadgir,5587,Shorapur ,620988,Kamalpur,"Kamalpur,Shorapur,Yadgir,Karnataka,India"
29,580,Yadgir,5587,Shorapur ,621008,Devapur,"Devapur,Shorapur,Yadgir,Karnataka,India"
29,580,Yadgir,5587,Shorapur ,621009,Kampapur,"Kampapur,Shorapur,Yadgir,Karnataka,India"
29,580,Yadgir,5587,Shorapur ,621015,Siddapur,"Siddapur,Shorapur,Yadgir,Karnataka,India"
29,580,Yadgir,5587,Shorapur ,621017,Bhailapur,"Bhailapur,Shorapur,Yadgir,Karnataka,India"
29,580,Yadgir,5587,Shorapur ,621020,Santpur,"Santpur,Shorapur,Yadgir,Karnataka,India"
29,580,Yadgir,5587,Shorapur ,621022,Dadlapur,"Dadlapur,Shorapur,Yadgir,Karnataka,India"
29,580,Yadgir,5587,Shorapur ,621029,Sonnapur,"Sonnapur,Shorapur,Yadgir,Karnataka,India"
29,580,Yadgir,5587,Shorapur ,621039,Badyapur,"Badyapur,Shorapur,Yadgir,Karnataka,India"
29,580,Yadgir,5587,Shorapur ,621043,Hasnapur,"Hasnapur,Shorapur,Yadgir,Karnataka,India"
29,580,Yadgir,5587,Shorapur ,621048,Peth Ammapur,"Peth Ammapur,Shorapur,Yadgir,Karnataka,India"
29,580,Yadgir,5587,Shorapur ,621055,Venkatapur,"Venkatapur,Shorapur,Yadgir,Karnataka,India"
29,580,Yadgir,5587,Shorapur ,621062,Chandlapur,"Chandlapur,Shorapur,Yadgir,Karnataka,India"
29,580,Yadgir,5587,Shorapur ,621066,Shakhapur,"Shakhapur,Shorapur,Yadgir,Karnataka,India"
29,580,Yadgir,5587,Shorapur ,621072,Sugur,"Sugur,Shorapur,Yadgir,Karnataka,India"
29,580,Yadgir,5588,Shahpur,0,Shahpur,"Shahpur,Shahpur,Yadgir,Karnataka,India"
29,580,Yadgir,5588,Shahpur,621075,Gundapur,"Gundapur,Shahpur,Yadgir,Karnataka,India"
29,580,Yadgir,5588,Shahpur,621078,Chandapur,"Chandapur,Shahpur,Yadgir,Karnataka,India"
29,580,Yadgir,5588,Shahpur,621082,Darshanapur,"Darshanapur,Shahpur,Yadgir,Karnataka,India"
29,580,Yadgir,5588,Shahpur,621090,Sadyapur,"Sadyapur,Shahpur,Yadgir,Karnataka,India"
29,580,Yadgir,5588,Shahpur,621097,Rajapur,"Rajapur,Shahpur,Yadgir,Karnataka,India"
29,580,Yadgir,5588,Shahpur,621099,Saidapur,"Saidapur,Shahpur,Yadgir,Karnataka,India"
29,580,Yadgir,5588,Shahpur,621107,Maktapur,"Maktapur,Shahpur,Yadgir,Karnataka,India"
29,580,Yadgir,5588,Shahpur,621109,Saladpur,"Saladpur,Shahpur,Yadgir,Karnataka,India"
29,580,Yadgir,5588,Shahpur,621121,Kanne Kolur,"Kanne Kolur,Shahpur,Yadgir,Karnataka,India"
29,580,Yadgir,5588,Shahpur,621128,Dariyapur,"Dariyapur,Shahpur,Yadgir,Karnataka,India"
29,580,Yadgir,5588,Shahpur,621131,Rastapur,"Rastapur,Shahpur,Yadgir,Karnataka,India"
29,580,Yadgir,5588,Shahpur,621135,Hattigudur,"Hattigudur,Shahpur,Yadgir,Karnataka,India"
29,580,Yadgir,5588,Shahpur,621138,Ibrahimpur,"Ibrahimpur,Shahpur,Yadgir,Karnataka,India"
29,580,Yadgir,5588,Shahpur,621148,Khanapur,"Khanapur,Shahpur,Yadgir,Karnataka,India"
29,580,Yadgir,5588,Shahpur,621154,Gaddesugur,"Gaddesugur,Shahpur,Yadgir,Karnataka,India"
29,580,Yadgir,5588,Shahpur,621162,Tokapur,"Tokapur,Shahpur,Yadgir,Karnataka,India"
29,580,Yadgir,5588,Shahpur,621169,Kadayapur,"Kadayapur,Shahpur,Yadgir,Karnataka,India"
29,580,Yadgir,5588,Shahpur,621173,Alkur,"Alkur,Shahpur,Yadgir,Karnataka,India"
29,580,Yadgir,5588,Shahpur,621175,Baswantpur,"Baswantpur,Shahpur,Yadgir,Karnataka,India"
29,580,Yadgir,5588,Shahpur,621181,Beernur,"Beernur,Shahpur,Yadgir,Karnataka,India"
29,580,Yadgir,5588,Shahpur,621184,Parsapur,"Parsapur,Shahpur,Yadgir,Karnataka,India"
29,580,Yadgir,5588,Shahpur,621186,Kollur,"Kollur,Shahpur,Yadgir,Karnataka,India"
29,580,Yadgir,5588,Shahpur,621187,Tonnur,"Tonnur,Shahpur,Yadgir,Karnataka,India"
29,580,Yadgir,5588,Shahpur,621190,Aneksugur,"Aneksugur,Shahpur,Yadgir,Karnataka,India"
29,580,Yadgir,5588,Shahpur,621205,Tumkur,"Tumkur,Shahpur,Yadgir,Karnataka,India"
29,580,Yadgir,5588,Shahpur,621209,Kadrapur,"Kadrapur,Shahpur,Yadgir,Karnataka,India"
29,580,Yadgir,5588,Shahpur,621219,Shivepur,"Shivepur,Shahpur,Yadgir,Karnataka,India"
29,580,Yadgir,5589,Yadgir ,621237,Patapur,"Patapur,Yadgir,Yadgir,Karnataka,India"
29,580,Yadgir,5589,Yadgir ,621239,Katgi-Shahapur,"Katgi-Shahapur,Yadgir,Yadgir,Karnataka,India"
29,580,Yadgir,5589,Yadgir ,621241,Samnapur,"Samnapur,Yadgir,Yadgir,Karnataka,India"
29,580,Yadgir,5589,Yadgir ,621245,Baswanthpur,"Baswanthpur,Yadgir,Yadgir,Karnataka,India"
29,580,Yadgir,5589,Yadgir ,621248,Alipur,"Alipur,Yadgir,Yadgir,Karnataka,India"
29,580,Yadgir,5589,Yadgir ,621258,Shivapur,"Shivapur,Yadgir,Yadgir,Karnataka,India"
29,580,Yadgir,5589,Yadgir ,621266,Yedlapur,"Yedlapur,Yadgir,Yadgir,Karnataka,India"
29,580,Yadgir,5589,Yadgir ,621271,Magdampur,"Magdampur,Yadgir,Yadgir,Karnataka,India"
29,580,Yadgir,5589,Yadgir ,621273,Kandkur,"Kandkur,Yadgir,Yadgir,Karnataka,India"
29,580,Yadgir,5589,Yadgir ,621276,Himalpur,"Himalpur,Yadgir,Yadgir,Karnataka,India"
29,580,Yadgir,5589,Yadgir ,621277,Budur,"Budur,Yadgir,Yadgir,Karnataka,India"
29,580,Yadgir,5589,Yadgir ,621278,Narayanpur,"Narayanpur,Yadgir,Yadgir,Karnataka,India"
29,580,Yadgir,5589,Yadgir ,621280,Nazrapur,"Nazrapur,Yadgir,Yadgir,Karnataka,India"
29,580,Yadgir,5589,Yadgir ,621284,Dantapur,"Dantapur,Yadgir,Yadgir,Karnataka,India"
29,580,Yadgir,5589,Yadgir ,621286,Mallapur,"Mallapur,Yadgir,Yadgir,Karnataka,India"
29,580,Yadgir,5589,Yadgir ,621292,Viswaspur,"Viswaspur,Yadgir,Yadgir,Karnataka,India"
29,580,Yadgir,5589,Yadgir ,621294,Tumkur,"Tumkur,Yadgir,Yadgir,Karnataka,India"
29,580,Yadgir,5589,Yadgir ,621305,Mailapur,"Mailapur,Yadgir,Yadgir,Karnataka,India"
29,580,Yadgir,5589,Yadgir ,621309,Mustur,"Mustur,Yadgir,Yadgir,Karnataka,India"
29,580,Yadgir,5589,Yadgir ,621310,Poglapur,"Poglapur,Yadgir,Yadgir,Karnataka,India"
29,580,Yadgir,5589,Yadgir ,621311,Koilur,"Koilur,Yadgir,Yadgir,Karnataka,India"
29,580,Yadgir,5589,Yadgir ,621314,Koulur,"Koulur,Yadgir,Yadgir,Karnataka,India"
29,580,Yadgir,5589,Yadgir ,621317,Nagalapur,"Nagalapur,Yadgir,Yadgir,Karnataka,India"
29,580,Yadgir,5589,Yadgir ,621319,Ghanpur,"Ghanpur,Yadgir,Yadgir,Karnataka,India"
29,580,Yadgir,5589,Yadgir ,621320,Gopalpur,"Gopalpur,Yadgir,Yadgir,Karnataka,India"
29,580,Yadgir,5589,Yadgir ,621321,Totlur,"Totlur,Yadgir,Yadgir,Karnataka,India"
29,580,Yadgir,5589,Yadgir ,621338,Gunjunur,"Gunjunur,Yadgir,Yadgir,Karnataka,India"
29,580,Yadgir,5589,Yadgir ,621340,Dharmapur,"Dharmapur,Yadgir,Yadgir,Karnataka,India"
29,580,Yadgir,5589,Yadgir ,621342,Minaspur,"Minaspur,Yadgir,Yadgir,Karnataka,India"
29,580,Yadgir,5589,Yadgir ,621344,Anpur,"Anpur,Yadgir,Yadgir,Karnataka,India"
29,580,Yadgir,5589,Yadgir ,621347,Sultanpur,"Sultanpur,Yadgir,Yadgir,Karnataka,India"
29,580,Yadgir,5589,Yadgir ,621351,Narsapur,"Narsapur,Yadgir,Yadgir,Karnataka,India"
29,580,Yadgir,5589,Yadgir ,621353,Gurnur,"Gurnur,Yadgir,Yadgir,Karnataka,India"
29,580,Yadgir,5589,Yadgir ,621358,Sanklapur,"Sanklapur,Yadgir,Yadgir,Karnataka,India"
29,580,Yadgir,5589,Yadgir ,621359,Edlur,"Edlur,Yadgir,Yadgir,Karnataka,India"
29,580,Yadgir,5589,Yadgir ,621361,Azalapur,"Azalapur,Yadgir,Yadgir,Karnataka,India"
29,580,Yadgir,5589,Yadgir ,621363,Anur,"Anur,Yadgir,Yadgir,Karnataka,India"
29,580,Yadgir,5589,Yadgir ,621366,Kudlur,"Kudlur,Yadgir,Yadgir,Karnataka,India"
29,580,Yadgir,5589,Yadgir ,621367,Rampur,"Rampur,Yadgir,Yadgir,Karnataka,India"
29,580,Yadgir,5589,Yadgir ,621371,Kadechur,"Kadechur,Yadgir,Yadgir,Karnataka,India"
29,580,Yadgir,5589,Yadgir ,621381,Kondapur,"Kondapur,Yadgir,Yadgir,Karnataka,India"
29,580,Yadgir,5589,Yadgir ,621382,Gudur,"Gudur,Yadgir,Yadgir,Karnataka,India"
29,580,Yadgir,5589,Yadgir ,621387,Chandapur,"Chandapur,Yadgir,Yadgir,Karnataka,India"
29,581,Kolar,5590,Srinivaspur ,621408,Pathur,"Pathur,Srinivaspur,Kolar,Karnataka,India"
29,581,Kolar,5590,Srinivaspur ,621415,Kotekallur,"Kotekallur,Srinivaspur,Kolar,Karnataka,India"
29,581,Kolar,5590,Srinivaspur ,621563,Adavichambakur,"Adavichambakur,Srinivaspur,Kolar,Karnataka,India"
29,581,Kolar,5590,Srinivaspur ,621586,Kothur,"Kothur,Srinivaspur,Kolar,Karnataka,India"
29,581,Kolar,5590,Srinivaspur ,621597,Ronur,"Ronur,Srinivaspur,Kolar,Karnataka,India"
29,581,Kolar,5590,Srinivaspur ,621629,Kollur,"Kollur,Srinivaspur,Kolar,Karnataka,India"
29,581,Kolar,5590,Srinivaspur ,621630,Kallur,"Kallur,Srinivaspur,Kolar,Karnataka,India"
29,581,Kolar,5590,Srinivaspur ,621669,Dalasanur,"Dalasanur,Srinivaspur,Kolar,Karnataka,India"
29,581,Kolar,5590,Srinivaspur ,621709,Neelatur,"Neelatur,Srinivaspur,Kolar,Karnataka,India"
29,581,Kolar,5590,Srinivaspur ,621720,Yeldur,"Yeldur,Srinivaspur,Kolar,Karnataka,India"
29,581,Kolar,5590,Srinivaspur ,621725,Yadarur,"Yadarur,Srinivaspur,Kolar,Karnataka,India"
29,581,Kolar,5590,Srinivaspur ,621728,Shyagatur,"Shyagatur,Srinivaspur,Kolar,Karnataka,India"
29,581,Kolar,5590,Srinivaspur ,621733,Kolathur,"Kolathur,Srinivaspur,Kolar,Karnataka,India"
29,581,Kolar,5591,Kolar ,621751,Sarkari Kyalanur,"Sarkari Kyalanur,Kolar,Kolar,Karnataka,India"
29,581,Kolar,5591,Kolar ,621752,Kyalanur,"Kyalanur,Kolar,Kolar,Karnataka,India"
29,581,Kolar,5591,Kolar ,621771,Kadagattur,"Kadagattur,Kolar,Kolar,Karnataka,India"
29,581,Kolar,5591,Kolar ,621821,Bellur,"Bellur,Kolar,Kolar,Karnataka,India"
29,581,Kolar,5591,Kolar ,621839,Sulur,"Sulur,Kolar,Kolar,Karnataka,India"
29,581,Kolar,5591,Kolar ,621848,Arabikothanur,"Arabikothanur,Kolar,Kolar,Karnataka,India"
29,581,Kolar,5591,Kolar ,621850,Doddaiyyur,"Doddaiyyur,Kolar,Kolar,Karnataka,India"
29,581,Kolar,5591,Kolar ,621852,Chikkaiyyur,"Chikkaiyyur,Kolar,Kolar,Karnataka,India"
29,581,Kolar,5591,Kolar ,621880,Settikothanur,"Settikothanur,Kolar,Kolar,Karnataka,India"
29,581,Kolar,5591,Kolar ,621911,Kithandur,"Kithandur,Kolar,Kolar,Karnataka,India"
29,581,Kolar,5591,Kolar ,621916,Kallur,"Kallur,Kolar,Kolar,Karnataka,India"
29,581,Kolar,5591,Kolar ,621920,Sugatur,"Sugatur,Kolar,Kolar,Karnataka,India"
29,581,Kolar,5591,Kolar ,621943,Jodi Holur,"Jodi Holur,Kolar,Kolar,Karnataka,India"
29,581,Kolar,5591,Kolar ,621946,Havalegowdana Hosur,"Havalegowdana Hosur,Kolar,Kolar,Karnataka,India"
29,581,Kolar,5591,Kolar ,621950,Holur,"Holur,Kolar,Kolar,Karnataka,India"
29,581,Kolar,5591,Kolar ,621960,Somasastri Hosur,"Somasastri Hosur,Kolar,Kolar,Karnataka,India"
29,581,Kolar,5591,Kolar ,621964,Bennangur,"Bennangur,Kolar,Kolar,Karnataka,India"
29,581,Kolar,5591,Kolar ,622005,Gaddekannur,"Gaddekannur,Kolar,Kolar,Karnataka,India"
29,581,Kolar,5591,Kolar ,622011,Kodi Kannur,"Kodi Kannur,Kolar,Kolar,Karnataka,India"
29,581,Kolar,5591,Kolar ,622036,Kallandur,"Kallandur,Kolar,Kolar,Karnataka,India"
29,581,Kolar,5591,Kolar ,622062,Vadagur,"Vadagur,Kolar,Kolar,Karnataka,India"
29,581,Kolar,5591,Kolar ,622067,Huthur,"Huthur,Kolar,Kolar,Karnataka,India"
29,581,Kolar,5591,Kolar ,622081,Shapur,"Shapur,Kolar,Kolar,Karnataka,India"
29,581,Kolar,5592,Malur ,622145,Chikkakadathur,"Chikkakadathur,Malur,Kolar,Karnataka,India"
29,581,Kolar,5592,Malur ,622150,Doddakunthur,"Doddakunthur,Malur,Kolar,Karnataka,India"
29,581,Kolar,5592,Malur ,622155,Doddakadathur,"Doddakadathur,Malur,Kolar,Karnataka,India"
29,581,Kolar,5592,Malur ,622189,Kodur,"Kodur,Malur,Kolar,Karnataka,India"
29,581,Kolar,5592,Malur ,622193,Chikkakunthur,"Chikkakunthur,Malur,Kolar,Karnataka,India"
29,581,Kolar,5592,Malur ,622194,Alubavikothur,"Alubavikothur,Malur,Kolar,Karnataka,India"
29,581,Kolar,5592,Malur ,622215,Kudiyanur,"Kudiyanur,Malur,Kolar,Karnataka,India"
29,581,Kolar,5592,Malur ,622218,Thuragalur,"Thuragalur,Malur,Kolar,Karnataka,India"
29,581,Kolar,5592,Malur ,622226,Hulkur,"Hulkur,Malur,Kolar,Karnataka,India"
29,581,Kolar,5592,Malur ,622230,Barugur,"Barugur,Malur,Kolar,Karnataka,India"
29,581,Kolar,5592,Malur ,622231,Dommalur,"Dommalur,Malur,Kolar,Karnataka,India"
29,581,Kolar,5592,Malur ,622239,Kodur,"Kodur,Malur,Kolar,Karnataka,India"
29,581,Kolar,5592,Malur ,622245,Lakkur,"Lakkur,Malur,Kolar,Karnataka,India"
29,581,Kolar,5592,Malur ,622253,Anchemuskur,"Anchemuskur,Malur,Kolar,Karnataka,India"
29,581,Kolar,5592,Malur ,622258,Sonnur,"Sonnur,Malur,Kolar,Karnataka,India"
29,581,Kolar,5592,Malur ,622261,Gonur,"Gonur,Malur,Kolar,Karnataka,India"
29,581,Kolar,5592,Malur ,622298,Dodda Iggalur,"Dodda Iggalur,Malur,Kolar,Karnataka,India"
29,581,Kolar,5592,Malur ,622309,Kuppur,"Kuppur,Malur,Kolar,Karnataka,India"
29,581,Kolar,5592,Malur ,622450,Haradakothur,"Haradakothur,Malur,Kolar,Karnataka,India"
29,581,Kolar,5593,Bangarapet ,622509,Benganur,"Benganur,Bangarapet,Kolar,Karnataka,India"
29,581,Kolar,5593,Bangarapet ,622557,Dinnekothur,"Dinnekothur,Bangarapet,Kolar,Karnataka,India"
29,581,Kolar,5593,Bangarapet ,622558,Dinnur,"Dinnur,Bangarapet,Kolar,Karnataka,India"
29,581,Kolar,5593,Bangarapet ,622587,Doddur,"Doddur,Bangarapet,Kolar,Karnataka,India"
29,581,Kolar,5593,Bangarapet ,622627,Bathlur,"Bathlur,Bangarapet,Kolar,Karnataka,India"
29,581,Kolar,5593,Bangarapet ,622644,Thalur,"Thalur,Bangarapet,Kolar,Karnataka,India"
29,581,Kolar,5593,Bangarapet ,622686,M. Kothur,"M. Kothur,Bangarapet,Kolar,Karnataka,India"
29,581,Kolar,5593,Bangarapet ,622697,Kanganallur,"Kanganallur,Bangarapet,Kolar,Karnataka,India"
29,581,Kolar,5593,Bangarapet ,622707,Nayanahalli-Majara Kothur,"Nayanahalli-Majara Kothur,Bangarapet,Kolar,Karnataka,India"
29,581,Kolar,5593,Bangarapet ,622718,Nallur,"Nallur,Bangarapet,Kolar,Karnataka,India"
29,581,Kolar,5593,Bangarapet ,622724,Betkur,"Betkur,Bangarapet,Kolar,Karnataka,India"
29,581,Kolar,5593,Bangarapet ,622727,Koolur,"Koolur,Bangarapet,Kolar,Karnataka,India"
29,581,Kolar,5593,Bangarapet ,622731,Kothur,"Kothur,Bangarapet,Kolar,Karnataka,India"
29,581,Kolar,5593,Bangarapet ,622772,N.G. Hulkur,"N.G. Hulkur,Bangarapet,Kolar,Karnataka,India"
29,581,Kolar,5593,Bangarapet ,622799,Kannur,"Kannur,Bangarapet,Kolar,Karnataka,India"
29,581,Kolar,5593,Bangarapet ,622830,Madivala-Majara Kothur,"Madivala-Majara Kothur,Bangarapet,Kolar,Karnataka,India"
29,581,Kolar,5593,Bangarapet ,622835,Yethur,"Yethur,Bangarapet,Kolar,Karnataka,India"
29,581,Kolar,5593,Bangarapet ,622838,Mittakothur,"Mittakothur,Bangarapet,Kolar,Karnataka,India"
29,581,Kolar,5594,Mulbagal ,622886,Mudiyanur,"Mudiyanur,Mulbagal,Kolar,Karnataka,India"
29,581,Kolar,5594,Mulbagal ,622888,Uthanur,"Uthanur,Mulbagal,Kolar,Karnataka,India"
29,581,Kolar,5594,Mulbagal ,622912,Ananthapur,"Ananthapur,Mulbagal,Kolar,Karnataka,India"
29,581,Kolar,5594,Mulbagal ,622919,Kammadatti Kamanur,"Kammadatti Kamanur,Mulbagal,Kolar,Karnataka,India"
29,581,Kolar,5594,Mulbagal ,622947,Ramenallur,"Ramenallur,Mulbagal,Kolar,Karnataka,India"
29,581,Kolar,5594,Mulbagal ,622948,Oorakuntemittur,"Oorakuntemittur,Mulbagal,Kolar,Karnataka,India"
29,581,Kolar,5594,Mulbagal ,622981,Koravenur,"Koravenur,Mulbagal,Kolar,Karnataka,India"
29,581,Kolar,5594,Mulbagal ,622982,Sunnangur,"Sunnangur,Mulbagal,Kolar,Karnataka,India"
29,581,Kolar,5594,Mulbagal ,623024,Alangur,"Alangur,Mulbagal,Kolar,Karnataka,India"
29,581,Kolar,5594,Mulbagal ,623077,Cheekur,"Cheekur,Mulbagal,Kolar,Karnataka,India"
29,581,Kolar,5594,Mulbagal ,623080,Byrakur,"Byrakur,Mulbagal,Kolar,Karnataka,India"
29,581,Kolar,5594,Mulbagal ,623087,Byatanur,"Byatanur,Mulbagal,Kolar,Karnataka,India"
29,581,Kolar,5594,Mulbagal ,623175,Tayalur,"Tayalur,Mulbagal,Kolar,Karnataka,India"
29,581,Kolar,5594,Mulbagal ,623179,Meltayalur,"Meltayalur,Mulbagal,Kolar,Karnataka,India"
29,582,Chikkaballapura,5595,Gauribidanur ,623209,Hossur,"Hossur,Gauribidanur,Chikkaballapura,Karnataka,India"
29,582,Chikkaballapura,5595,Gauribidanur ,623231,Chandanadur,"Chandanadur,Gauribidanur,Chikkaballapura,Karnataka,India"
29,582,Chikkaballapura,5595,Gauribidanur ,623244,Badimaralur,"Badimaralur,Gauribidanur,Chikkaballapura,Karnataka,India"
29,582,Chikkaballapura,5595,Gauribidanur ,623250,Idagur,"Idagur,Gauribidanur,Chikkaballapura,Karnataka,India"
29,582,Chikkaballapura,5595,Gauribidanur ,623251,Maralur,"Maralur,Gauribidanur,Chikkaballapura,Karnataka,India"
29,582,Chikkaballapura,5595,Gauribidanur ,623257,Hirebidanur,"Hirebidanur,Gauribidanur,Chikkaballapura,Karnataka,India"
29,582,Chikkaballapura,5595,Gauribidanur ,623286,Kothur,"Kothur,Gauribidanur,Chikkaballapura,Karnataka,India"
29,582,Chikkaballapura,5595,Gauribidanur ,623310,Hudugur,"Hudugur,Gauribidanur,Chikkaballapura,Karnataka,India"
29,582,Chikkaballapura,5595,Gauribidanur ,623330,Kadabur,"Kadabur,Gauribidanur,Chikkaballapura,Karnataka,India"
29,582,Chikkaballapura,5595,Gauribidanur ,623371,Kothur,"Kothur,Gauribidanur,Chikkaballapura,Karnataka,India"
29,582,Chikkaballapura,5595,Gauribidanur ,623381,Belathur,"Belathur,Gauribidanur,Chikkaballapura,Karnataka,India"
29,582,Chikkaballapura,5596,Chikkaballapura,623563,Anakanur,"Anakanur,Chikkaballapura,Chikkaballapura,Karnataka,India"
29,582,Chikkaballapura,5596,Chikkaballapura,623574,Dibbur,"Dibbur,Chikkaballapura,Chikkaballapura,Karnataka,India"
29,582,Chikkaballapura,5596,Chikkaballapura,623581,Kadadibbur,"Kadadibbur,Chikkaballapura,Chikkaballapura,Karnataka,India"
29,582,Chikkaballapura,5596,Chikkaballapura,623596,Motlur,"Motlur,Chikkaballapura,Chikkaballapura,Karnataka,India"
29,582,Chikkaballapura,5596,Chikkaballapura,623606,Nasikuntehosur,"Nasikuntehosur,Chikkaballapura,Chikkaballapura,Karnataka,India"
29,582,Chikkaballapura,5596,Chikkaballapura,623677,Ramachandra Hosur,"Ramachandra Hosur,Chikkaballapura,Chikkaballapura,Karnataka,India"
29,582,Chikkaballapura,5597,Gudibanda ,623734,Chendur,"Chendur,Gudibanda,Chikkaballapura,Karnataka,India"
29,582,Chikkaballapura,5598,Bagepalli ,623819,Gulur,"Gulur,Bagepalli,Chikkaballapura,Karnataka,India"
29,582,Chikkaballapura,5598,Bagepalli ,623857,Karkur,"Karkur,Bagepalli,Chikkaballapura,Karnataka,India"
29,582,Chikkaballapura,5598,Bagepalli ,623930,Billur,"Billur,Bagepalli,Chikkaballapura,Karnataka,India"
29,582,Chikkaballapura,5598,Bagepalli ,624008,Peddur,"Peddur,Bagepalli,Chikkaballapura,Karnataka,India"
29,582,Chikkaballapura,5599,Sidlaghatta ,624180,Devaramallur,"Devaramallur,Sidlaghatta,Chikkaballapura,Karnataka,India"
29,582,Chikkaballapura,5599,Sidlaghatta ,624197,Kothanur,"Kothanur,Sidlaghatta,Chikkaballapura,Karnataka,India"
29,582,Chikkaballapura,5599,Sidlaghatta ,624203,Hujagur,"Hujagur,Sidlaghatta,Chikkaballapura,Karnataka,India"
29,582,Chikkaballapura,5599,Sidlaghatta ,624208,Anur,"Anur,Sidlaghatta,Chikkaballapura,Karnataka,India"
29,582,Chikkaballapura,5599,Sidlaghatta ,624237,Muthur,"Muthur,Sidlaghatta,Chikkaballapura,Karnataka,India"
29,582,Chikkaballapura,5599,Sidlaghatta ,624239,Mallur,"Mallur,Sidlaghatta,Chikkaballapura,Karnataka,India"
29,582,Chikkaballapura,5599,Sidlaghatta ,624240,Melur,"Melur,Sidlaghatta,Chikkaballapura,Karnataka,India"
29,582,Chikkaballapura,5599,Sidlaghatta ,624258,Kolimi Hosur,"Kolimi Hosur,Sidlaghatta,Chikkaballapura,Karnataka,India"
29,582,Chikkaballapura,5599,Sidlaghatta ,624262,Yannur,"Yannur,Sidlaghatta,Chikkaballapura,Karnataka,India"
29,582,Chikkaballapura,5599,Sidlaghatta ,624265,Yannangur,"Yannangur,Sidlaghatta,Chikkaballapura,Karnataka,India"
29,582,Chikkaballapura,5599,Sidlaghatta ,624271,Sugatur,"Sugatur,Sidlaghatta,Chikkaballapura,Karnataka,India"
29,582,Chikkaballapura,5600,Chintamani ,624413,Guttur,"Guttur,Chintamani,Chikkaballapura,Karnataka,India"
29,582,Chikkaballapura,5600,Chintamani ,624550,Kothur,"Kothur,Chintamani,Chikkaballapura,Karnataka,India"
29,582,Chikkaballapura,5600,Chintamani ,624670,Doddaganjur,"Doddaganjur,Chintamani,Chikkaballapura,Karnataka,India"
29,583,Bangalore Rural,5601,Nelamangala ,624826,Bidalur,"Bidalur,Nelamangala,Bangalore Rural,Karnataka,India"
29,583,Bangalore Rural,5601,Nelamangala ,624839,Halkur,"Halkur,Nelamangala,Bangalore Rural,Karnataka,India"
29,583,Bangalore Rural,5601,Nelamangala ,624855,T.Begur,"T.Begur,Nelamangala,Bangalore Rural,Karnataka,India"
29,583,Bangalore Rural,5602,Dod Ballapur ,625009,Gunjur,"Gunjur,Dod Ballapur,Bangalore Rural,Karnataka,India"
29,583,Bangalore Rural,5602,Dod Ballapur ,625036,Kamalur,"Kamalur,Dod Ballapur,Bangalore Rural,Karnataka,India"
29,583,Bangalore Rural,5602,Dod Ballapur ,625080,Kolur,"Kolur,Dod Ballapur,Bangalore Rural,Karnataka,India"
29,583,Bangalore Rural,5602,Dod Ballapur ,625111,Kesthur,"Kesthur,Dod Ballapur,Bangalore Rural,Karnataka,India"
29,583,Bangalore Rural,5602,Dod Ballapur ,625125,Chikka Tumkur,"Chikka Tumkur,Dod Ballapur,Bangalore Rural,Karnataka,India"
29,583,Bangalore Rural,5602,Dod Ballapur ,625139,Kadathippur,"Kadathippur,Dod Ballapur,Bangalore Rural,Karnataka,India"
29,583,Bangalore Rural,5602,Dod Ballapur ,625152,Thippur,"Thippur,Dod Ballapur,Bangalore Rural,Karnataka,India"
29,583,Bangalore Rural,5602,Dod Ballapur ,625177,Shravanur,"Shravanur,Dod Ballapur,Bangalore Rural,Karnataka,India"
29,583,Bangalore Rural,5602,Dod Ballapur ,625201,Huskur,"Huskur,Dod Ballapur,Bangalore Rural,Karnataka,India"
29,583,Bangalore Rural,5602,Dod Ballapur ,625212,Dodda Tumkur,"Dodda Tumkur,Dod Ballapur,Bangalore Rural,Karnataka,India"
29,583,Bangalore Rural,5602,Dod Ballapur ,625215,Kadanur,"Kadanur,Dod Ballapur,Bangalore Rural,Karnataka,India"
29,583,Bangalore Rural,5602,Dod Ballapur ,625217,Isthur,"Isthur,Dod Ballapur,Bangalore Rural,Karnataka,India"
29,583,Bangalore Rural,5603,Devanahalli ,625262,Koira Hosur,"Koira Hosur,Devanahalli,Bangalore Rural,Karnataka,India"
29,583,Bangalore Rural,5603,Devanahalli ,625306,Solur,"Solur,Devanahalli,Bangalore Rural,Karnataka,India"
29,583,Bangalore Rural,5603,Devanahalli ,625319,Gonur,"Gonur,Devanahalli,Bangalore Rural,Karnataka,India"
29,583,Bangalore Rural,5603,Devanahalli ,625320,Gururayana Hosur,"Gururayana Hosur,Devanahalli,Bangalore Rural,Karnataka,India"
29,583,Bangalore Rural,5603,Devanahalli ,625324,Chinnappanayakana Hosur,"Chinnappanayakana Hosur,Devanahalli,Bangalore Rural,Karnataka,India"
29,583,Bangalore Rural,5603,Devanahalli ,625364,Bidalur,"Bidalur,Devanahalli,Bangalore Rural,Karnataka,India"
29,583,Bangalore Rural,5603,Devanahalli ,625411,Yaleyur,"Yaleyur,Devanahalli,Bangalore Rural,Karnataka,India"
29,583,Bangalore Rural,5603,Devanahalli ,625436,Haralur,"Haralur,Devanahalli,Bangalore Rural,Karnataka,India"
29,583,Bangalore Rural,5603,Devanahalli ,625444,Nallur,"Nallur,Devanahalli,Bangalore Rural,Karnataka,India"
29,583,Bangalore Rural,5604,Hosakote ,625466,Theneyur,"Theneyur,Hosakote,Bangalore Rural,Karnataka,India"
29,583,Bangalore Rural,5604,Hosakote ,625474,Esthur,"Esthur,Hosakote,Bangalore Rural,Karnataka,India"
29,583,Bangalore Rural,5604,Hosakote ,625478,Haniyur,"Haniyur,Hosakote,Bangalore Rural,Karnataka,India"
29,583,Bangalore Rural,5604,Hosakote ,625529,Begur,"Begur,Hosakote,Bangalore Rural,Karnataka,India"
29,583,Bangalore Rural,5604,Hosakote ,625531,Bagalur,"Bagalur,Hosakote,Bangalore Rural,Karnataka,India"
29,583,Bangalore Rural,5604,Hosakote ,625545,Sarakanur,"Sarakanur,Hosakote,Bangalore Rural,Karnataka,India"
29,583,Bangalore Rural,5604,Hosakote ,625554,Medur,"Medur,Hosakote,Bangalore Rural,Karnataka,India"
29,583,Bangalore Rural,5604,Hosakote ,625620,Attur,"Attur,Hosakote,Bangalore Rural,Karnataka,India"
29,583,Bangalore Rural,5604,Hosakote ,625636,Solur,"Solur,Hosakote,Bangalore Rural,Karnataka,India"
29,583,Bangalore Rural,5604,Hosakote ,625647,Haralur,"Haralur,Hosakote,Bangalore Rural,Karnataka,India"
29,583,Bangalore Rural,5604,Hosakote ,625693,Doddahullur,"Doddahullur,Hosakote,Bangalore Rural,Karnataka,India"
29,583,Bangalore Rural,5604,Hosakote ,625694,Chikkahullur,"Chikkahullur,Hosakote,Bangalore Rural,Karnataka,India"
29,583,Bangalore Rural,5604,Hosakote ,625704,Kolathur,"Kolathur,Hosakote,Bangalore Rural,Karnataka,India"
29,583,Bangalore Rural,5604,Hosakote ,625713,Koralur,"Koralur,Hosakote,Bangalore Rural,Karnataka,India"
29,583,Bangalore Rural,5604,Hosakote ,625736,Kotur,"Kotur,Hosakote,Bangalore Rural,Karnataka,India"
29,583,Bangalore Rural,5604,Hosakote ,625741,Muthkur,"Muthkur,Hosakote,Bangalore Rural,Karnataka,India"
29,583,Bangalore Rural,5604,Hosakote ,625752,Thathnur,"Thathnur,Hosakote,Bangalore Rural,Karnataka,India"
29,583,Bangalore Rural,5604,Hosakote ,625754,Bagur,"Bagur,Hosakote,Bangalore Rural,Karnataka,India"
29,583,Bangalore Rural,5604,Hosakote ,625755,Gundur,"Gundur,Hosakote,Bangalore Rural,Karnataka,India"
29,583,Bangalore Rural,5604,Hosakote ,625759,Ganagalur,"Ganagalur,Hosakote,Bangalore Rural,Karnataka,India"
29,584,Ramanagara,5605,Magadi ,625808,Kannanur,"Kannanur,Magadi,Ramanagara,Karnataka,India"
29,584,Ramanagara,5605,Magadi ,625809,Chowdibegur,"Chowdibegur,Magadi,Ramanagara,Karnataka,India"
29,584,Ramanagara,5605,Magadi ,625847,Marur,"Marur,Magadi,Ramanagara,Karnataka,India"
29,584,Ramanagara,5605,Magadi ,625851,Chilur,"Chilur,Magadi,Ramanagara,Karnataka,India"
29,584,Ramanagara,5605,Magadi ,625855,Alur,"Alur,Magadi,Ramanagara,Karnataka,India"
29,584,Ramanagara,5605,Magadi ,625964,Sathanur,"Sathanur,Magadi,Ramanagara,Karnataka,India"
29,584,Ramanagara,5605,Magadi ,625986,Kallur,"Kallur,Magadi,Ramanagara,Karnataka,India"
29,584,Ramanagara,5606,Ramanagara,626047,Akkur,"Akkur,Ramanagara,Ramanagara,Karnataka,India"
29,584,Ramanagara,5606,Ramanagara,626133,Banandur,"Banandur,Ramanagara,Ramanagara,Karnataka,India"
29,584,Ramanagara,5606,Ramanagara,626146,Hosur,"Hosur,Ramanagara,Ramanagara,Karnataka,India"
29,584,Ramanagara,5606,Ramanagara,626183,Hulikeregunnur,"Hulikeregunnur,Ramanagara,Ramanagara,Karnataka,India"
29,584,Ramanagara,5607,Channapatna ,626218,Malur,"Malur,Channapatna,Ramanagara,Karnataka,India"
29,584,Ramanagara,5607,Channapatna ,626228,Kukkur,"Kukkur,Channapatna,Ramanagara,Karnataka,India"
29,584,Ramanagara,5607,Channapatna ,626233,Chakkalur,"Chakkalur,Channapatna,Ramanagara,Karnataka,India"
29,584,Ramanagara,5607,Channapatna ,626239,Thore Hosur,"Thore Hosur,Channapatna,Ramanagara,Karnataka,India"
29,584,Ramanagara,5607,Channapatna ,626242,Abbur,"Abbur,Channapatna,Ramanagara,Karnataka,India"
29,584,Ramanagara,5607,Channapatna ,626262,Kudlur,"Kudlur,Channapatna,Ramanagara,Karnataka,India"
29,584,Ramanagara,5607,Channapatna ,626264,Honganur,"Honganur,Channapatna,Ramanagara,Karnataka,India"
29,584,Ramanagara,5607,Channapatna ,626279,Akkur,"Akkur,Channapatna,Ramanagara,Karnataka,India"
29,584,Ramanagara,5607,Channapatna ,626306,Neralur,"Neralur,Channapatna,Ramanagara,Karnataka,India"
29,584,Ramanagara,5607,Channapatna ,626311,Yaliyur,"Yaliyur,Channapatna,Ramanagara,Karnataka,India"
29,584,Ramanagara,5607,Channapatna ,626326,Haniyur,"Haniyur,Channapatna,Ramanagara,Karnataka,India"
29,584,Ramanagara,5608,Kanakapura ,626436,H.Kothanur,"H.Kothanur,Kanakapura,Ramanagara,Karnataka,India"
29,584,Ramanagara,5608,Kanakapura ,626437,Belikothanur,"Belikothanur,Kanakapura,Ramanagara,Karnataka,India"
29,584,Ramanagara,5608,Kanakapura ,626493,Alur,"Alur,Kanakapura,Ramanagara,Karnataka,India"
29,584,Ramanagara,5608,Kanakapura ,626526,Sathanur,"Sathanur,Kanakapura,Ramanagara,Karnataka,India"
29,584,Ramanagara,5608,Kanakapura ,626591,Thippur,"Thippur,Kanakapura,Ramanagara,Karnataka,India"
29,559,Raichur,5462,Manvi ,601011,Pannuru,"Pannuru,Manvi,Raichur,Karnataka,India"
29,563,Uttara Kannada,5481,Yellapur ,602944,Kalasuru,"Kalasuru,Yellapur,Uttara Kannada,Karnataka,India"
29,565,Bellary,5496,Hadagalli,604587,Katebennuru,"Katebennuru,Hadagalli,Bellary,Karnataka,India"
29,565,Bellary,5498,Hospet ,604764,Jeeriganuru,"Jeeriganuru,Hospet,Bellary,Karnataka,India"
29,565,Bellary,5500,Bellary ,604879,Byluru,"Byluru,Bellary,Bellary,Karnataka,India"
29,566,Chitradurga,5503,Molakalmuru ,605166,Dadaguru,"Dadaguru,Molakalmuru,Chitradurga,Karnataka,India"
29,566,Chitradurga,5503,Molakalmuru ,605182,Heruru,"Heruru,Molakalmuru,Chitradurga,Karnataka,India"
29,566,Chitradurga,5503,Molakalmuru ,605208,Gundluru,"Gundluru,Molakalmuru,Chitradurga,Karnataka,India"
29,566,Chitradurga,5504,Challakere ,605374,Moduru,"Moduru,Challakere,Chitradurga,Karnataka,India"
29,566,Chitradurga,5504,Challakere ,605394,Chowluru,"Chowluru,Challakere,Chitradurga,Karnataka,India"
29,566,Chitradurga,5505,Chitradurga ,605438,Arasuru,"Arasuru,Chitradurga,Chitradurga,Karnataka,India"
29,566,Chitradurga,5506,Holalkere ,605631,Muthugaduru,"Muthugaduru,Holalkere,Chitradurga,Karnataka,India"
29,566,Chitradurga,5506,Holalkere ,605680,Hosuru,"Hosuru,Holalkere,Chitradurga,Karnataka,India"
29,567,Davanagere,5512,Davanagere ,606557,Bethuru,"Bethuru,Davanagere,Davanagere,Karnataka,India"
29,567,Davanagere,5512,Davanagere ,606575,Balluru,"Balluru,Davanagere,Davanagere,Karnataka,India"
29,567,Davanagere,5512,Davanagere ,606641,Mandaluru,"Mandaluru,Davanagere,Davanagere,Karnataka,India"
29,567,Davanagere,5512,Davanagere ,606679,Kabburu,"Kabburu,Davanagere,Davanagere,Karnataka,India"
29,567,Davanagere,5512,Davanagere ,606682,Kaluru,"Kaluru,Davanagere,Davanagere,Karnataka,India"
29,567,Davanagere,5514,Channagiri ,607096,Bettakaduru,"Bettakaduru,Channagiri,Davanagere,Karnataka,India"
29,568,Shimoga,5515,Sagar ,607131,Kanuru,"Kanuru,Sagar,Shimoga,Karnataka,India"
29,568,Shimoga,5515,Sagar ,607165,Hunasuru,"Hunasuru,Sagar,Shimoga,Karnataka,India"
29,568,Shimoga,5515,Sagar ,607172,Shiruru,"Shiruru,Sagar,Shimoga,Karnataka,India"
29,568,Shimoga,5515,Sagar ,607185,Masuru,"Masuru,Sagar,Shimoga,Karnataka,India"
29,568,Shimoga,5515,Sagar ,607187,Beluru,"Beluru,Sagar,Shimoga,Karnataka,India"
29,568,Shimoga,5515,Sagar ,607204,Madasuru,"Madasuru,Sagar,Shimoga,Karnataka,India"
29,568,Shimoga,5515,Sagar ,607217,Ulluru,"Ulluru,Sagar,Shimoga,Karnataka,India"
29,568,Shimoga,5515,Sagar ,607244,Hythuru,"Hythuru,Sagar,Shimoga,Karnataka,India"
29,568,Shimoga,5515,Sagar ,607291,Malanduru,"Malanduru,Sagar,Shimoga,Karnataka,India"
29,568,Shimoga,5515,Sagar ,607344,Kaluru,"Kaluru,Sagar,Shimoga,Karnataka,India"
29,568,Shimoga,5515,Sagar ,607351,Kudaruru,"Kudaruru,Sagar,Shimoga,Karnataka,India"
29,568,Shimoga,5515,Sagar ,607358,Maluru,"Maluru,Sagar,Shimoga,Karnataka,India"
29,568,Shimoga,5516,Sorab ,607374,Kamaruru,"Kamaruru,Sorab,Shimoga,Karnataka,India"
29,568,Shimoga,5516,Sorab ,607400,Chagaturu,"Chagaturu,Sorab,Shimoga,Karnataka,India"
29,568,Shimoga,5516,Sorab ,607405,Muguru,"Muguru,Sorab,Shimoga,Karnataka,India"
29,568,Shimoga,5516,Sorab ,607415,Kubaturu,"Kubaturu,Sorab,Shimoga,Karnataka,India"
29,568,Shimoga,5516,Sorab ,607418,Bennuru,"Bennuru,Sorab,Shimoga,Karnataka,India"
29,568,Shimoga,5516,Sorab ,607430,Thalluru,"Thalluru,Sorab,Shimoga,Karnataka,India"
29,568,Shimoga,5516,Sorab ,607442,Thathuru,"Thathuru,Sorab,Shimoga,Karnataka,India"
29,568,Shimoga,5516,Sorab ,607455,Basuru,"Basuru,Sorab,Shimoga,Karnataka,India"
29,568,Shimoga,5516,Sorab ,607459,Thekkuru,"Thekkuru,Sorab,Shimoga,Karnataka,India"
29,568,Shimoga,5516,Sorab ,607467,Kathuru,"Kathuru,Sorab,Shimoga,Karnataka,India"
29,568,Shimoga,5516,Sorab ,607481,Kummuru,"Kummuru,Sorab,Shimoga,Karnataka,India"
29,568,Shimoga,5516,Sorab ,607488,Thudanuru,"Thudanuru,Sorab,Shimoga,Karnataka,India"
29,568,Shimoga,5516,Sorab ,607495,Chikkabburu,"Chikkabburu,Sorab,Shimoga,Karnataka,India"
29,568,Shimoga,5516,Sorab ,607502,Eduru,"Eduru,Sorab,Shimoga,Karnataka,India"
29,568,Shimoga,5516,Sorab ,607503,Kamaruru,"Kamaruru,Sorab,Shimoga,Karnataka,India"
29,568,Shimoga,5516,Sorab ,607508,Nalluru,"Nalluru,Sorab,Shimoga,Karnataka,India"
29,568,Shimoga,5516,Sorab ,607512,Bennuru,"Bennuru,Sorab,Shimoga,Karnataka,India"
29,568,Shimoga,5516,Sorab ,607530,Holemaruru,"Holemaruru,Sorab,Shimoga,Karnataka,India"
29,568,Shimoga,5516,Sorab ,607533,Kadasuru,"Kadasuru,Sorab,Shimoga,Karnataka,India"
29,568,Shimoga,5516,Sorab ,607540,Hosuru,"Hosuru,Sorab,Shimoga,Karnataka,India"
29,568,Shimoga,5516,Sorab ,607547,Saremaruru,"Saremaruru,Sorab,Shimoga,Karnataka,India"
29,568,Shimoga,5516,Sorab ,607557,Oturu,"Oturu,Sorab,Shimoga,Karnataka,India"
29,568,Shimoga,5516,Sorab ,607562,Maruru,"Maruru,Sorab,Shimoga,Karnataka,India"
29,568,Shimoga,5516,Sorab ,607580,Haruru,"Haruru,Sorab,Shimoga,Karnataka,India"
29,568,Shimoga,5516,Sorab ,607599,Chilanuru,"Chilanuru,Sorab,Shimoga,Karnataka,India"
29,568,Shimoga,5516,Sorab ,607613,Kyasanuru,"Kyasanuru,Sorab,Shimoga,Karnataka,India"
29,568,Shimoga,5516,Sorab ,607623,Chimanuru,"Chimanuru,Sorab,Shimoga,Karnataka,India"
29,568,Shimoga,5516,Sorab ,607639,Duguru,"Duguru,Sorab,Shimoga,Karnataka,India"
29,568,Shimoga,5516,Sorab ,607653,Kannuru,"Kannuru,Sorab,Shimoga,Karnataka,India"
29,568,Shimoga,5517,Shikarpur,607735,Chikkajamburu,"Chikkajamburu,Shikarpur,Shimoga,Karnataka,India"
29,568,Shimoga,5517,Shikarpur,607744,Kuskuru,"Kuskuru,Shikarpur,Shimoga,Karnataka,India"
29,568,Shimoga,5517,Shikarpur,607746,Hirejamburu,"Hirejamburu,Shikarpur,Shimoga,Karnataka,India"
29,568,Shimoga,5517,Shikarpur,607755,Thumrihosuru,"Thumrihosuru,Shikarpur,Shimoga,Karnataka,India"
29,568,Shimoga,5517,Shikarpur,607777,Bannuru,"Bannuru,Shikarpur,Shimoga,Karnataka,India"
29,568,Shimoga,5517,Shikarpur,607813,Baluru,"Baluru,Shikarpur,Shimoga,Karnataka,India"
29,568,Shimoga,5517,Shikarpur,607817,Hosuru,"Hosuru,Shikarpur,Shimoga,Karnataka,India"
29,568,Shimoga,5517,Shikarpur,607819,Saluru,"Saluru,Shikarpur,Shimoga,Karnataka,India"
29,568,Shimoga,5517,Shikarpur,607823,Issuru,"Issuru,Shikarpur,Shimoga,Karnataka,India"
29,568,Shimoga,5518,Hosanagara ,607944,Belanduru,"Belanduru,Hosanagara,Shimoga,Karnataka,India"
29,568,Shimoga,5518,Hosanagara ,608036,Anadagadoduru,"Anadagadoduru,Hosanagara,Shimoga,Karnataka,India"
29,568,Shimoga,5519,Tirthahalli,608086,Nonaburu,"Nonaburu,Tirthahalli,Shimoga,Karnataka,India"
29,568,Shimoga,5519,Tirthahalli,608099,Jambetalluru,"Jambetalluru,Tirthahalli,Shimoga,Karnataka,India"
29,568,Shimoga,5519,Tirthahalli,608135,Ubburu,"Ubburu,Tirthahalli,Shimoga,Karnataka,India"
29,568,Shimoga,5519,Tirthahalli,608165,Thuduru,"Thuduru,Tirthahalli,Shimoga,Karnataka,India"
29,568,Shimoga,5519,Tirthahalli,608166,Tyananduru,"Tyananduru,Tirthahalli,Shimoga,Karnataka,India"
29,568,Shimoga,5519,Tirthahalli,608184,Saluru,"Saluru,Tirthahalli,Shimoga,Karnataka,India"
29,568,Shimoga,5519,Tirthahalli,608194,Beluru,"Beluru,Tirthahalli,Shimoga,Karnataka,India"
29,568,Shimoga,5519,Tirthahalli,608197,Kesturu,"Kesturu,Tirthahalli,Shimoga,Karnataka,India"
29,568,Shimoga,5519,Tirthahalli,608200,Neraturu,"Neraturu,Tirthahalli,Shimoga,Karnataka,India"
29,568,Shimoga,5519,Tirthahalli,608247,Kuluru,"Kuluru,Tirthahalli,Shimoga,Karnataka,India"
29,568,Shimoga,5519,Tirthahalli,608283,Shiruru,"Shiruru,Tirthahalli,Shimoga,Karnataka,India"
29,568,Shimoga,5519,Tirthahalli,608285,Hosuru,"Hosuru,Tirthahalli,Shimoga,Karnataka,India"
29,568,Shimoga,5519,Tirthahalli,608286,Talluru,"Talluru,Tirthahalli,Shimoga,Karnataka,India"
29,568,Shimoga,5519,Tirthahalli,608296,Chikkaluru,"Chikkaluru,Tirthahalli,Shimoga,Karnataka,India"
29,568,Shimoga,5520,Shimoga ,608301,Kone Hosuru,"Kone Hosuru,Shimoga,Shimoga,Karnataka,India"
29,568,Shimoga,5520,Shimoga ,608302,Thuppuru,"Thuppuru,Shimoga,Shimoga,Karnataka,India"
29,568,Shimoga,5520,Shimoga ,608310,Gunduru,"Gunduru,Shimoga,Shimoga,Karnataka,India"
29,568,Shimoga,5520,Shimoga ,608315,Hosuru,"Hosuru,Shimoga,Shimoga,Karnataka,India"
29,568,Shimoga,5520,Shimoga ,608338,Hitturu,"Hitturu,Shimoga,Shimoga,Karnataka,India"
29,568,Shimoga,5520,Shimoga ,608364,Ayanuru,"Ayanuru,Shimoga,Shimoga,Karnataka,India"
29,568,Shimoga,5520,Shimoga ,608377,Hosuru,"Hosuru,Shimoga,Shimoga,Karnataka,India"
29,568,Shimoga,5520,Shimoga ,608382,Suduru,"Suduru,Shimoga,Shimoga,Karnataka,India"
29,568,Shimoga,5520,Shimoga ,608399,Kallaganguru,"Kallaganguru,Shimoga,Shimoga,Karnataka,India"
29,568,Shimoga,5520,Shimoga ,608401,Kote Ganguru,"Kote Ganguru,Shimoga,Shimoga,Karnataka,India"
29,568,Shimoga,5520,Shimoga ,608406,Aladevara Hosuru,"Aladevara Hosuru,Shimoga,Shimoga,Karnataka,India"
29,568,Shimoga,5520,Shimoga ,608417,Kalluru,"Kalluru,Shimoga,Shimoga,Karnataka,India"
29,568,Shimoga,5520,Shimoga ,608426,Madike Chiluru,"Madike Chiluru,Shimoga,Shimoga,Karnataka,India"
29,568,Shimoga,5520,Shimoga ,608428,Holaluru,"Holaluru,Shimoga,Shimoga,Karnataka,India"
29,568,Shimoga,5520,Shimoga ,608439,Basavana Ganguru,"Basavana Ganguru,Shimoga,Shimoga,Karnataka,India"
29,568,Shimoga,5520,Shimoga ,608440,Mojappana Hosuru,"Mojappana Hosuru,Shimoga,Shimoga,Karnataka,India"
29,568,Shimoga,5520,Shimoga ,608449,Suguru,"Suguru,Shimoga,Shimoga,Karnataka,India"
29,568,Shimoga,5520,Shimoga ,608475,Mathuru,"Mathuru,Shimoga,Shimoga,Karnataka,India"
29,568,Shimoga,5520,Shimoga ,608477,Gajanuru,"Gajanuru,Shimoga,Shimoga,Karnataka,India"
29,568,Shimoga,5520,Shimoga ,608485,Kuskuru,"Kuskuru,Shimoga,Shimoga,Karnataka,India"
29,568,Shimoga,5520,Shimoga ,608489,Santhe Kaduru,"Santhe Kaduru,Shimoga,Shimoga,Karnataka,India"
29,568,Shimoga,5520,Shimoga ,608511,Siddamaji Hosuru,"Siddamaji Hosuru,Shimoga,Shimoga,Karnataka,India"
29,568,Shimoga,5521,Bhadravati ,608539,Holehonnuru,"Holehonnuru,Bhadravati,Shimoga,Karnataka,India"
29,568,Shimoga,5521,Bhadravati ,608569,Hosuru,"Hosuru,Bhadravati,Shimoga,Karnataka,India"
29,568,Shimoga,5521,Bhadravati ,608646,Kambadala Hosuru,"Kambadala Hosuru,Bhadravati,Shimoga,Karnataka,India"
29,568,Shimoga,5521,Bhadravati ,608653,Vadiyuru,"Vadiyuru,Bhadravati,Shimoga,Karnataka,India"
29,568,Shimoga,5521,Bhadravati ,608658,Ganguru,"Ganguru,Bhadravati,Shimoga,Karnataka,India"
29,569,Udupi,5524,Karkal ,608902,Mundkuru,"Mundkuru,Karkal,Udupi,Karnataka,India"
29,569,Udupi,5524,Karkal ,608913,Irvathuru,"Irvathuru,Karkal,Udupi,Karnataka,India"
29,570,Chikmagalur,5525,Sringeri ,608939,Hadikiruru,"Hadikiruru,Sringeri,Chikmagalur,Karnataka,India"
29,570,Chikmagalur,5525,Sringeri ,608960,Heruru,"Heruru,Sringeri,Chikmagalur,Karnataka,India"
29,570,Chikmagalur,5526,Koppa ,609020,Hosuru,"Hosuru,Koppa,Chikmagalur,Karnataka,India"
29,570,Chikmagalur,5529,Kadur ,609391,Chikkanalluru,"Chikkanalluru,Kadur,Chikmagalur,Karnataka,India"
29,570,Chikmagalur,5529,Kadur ,609404,Hirenalluru,"Hirenalluru,Kadur,Chikmagalur,Karnataka,India"
29,570,Chikmagalur,5529,Kadur ,609426,Basuru,"Basuru,Kadur,Chikmagalur,Karnataka,India"
29,570,Chikmagalur,5531,Mudigere ,609953,Pattaduru,"Pattaduru,Mudigere,Chikmagalur,Karnataka,India"
29,570,Chikmagalur,5531,Mudigere ,610000,Kanachuru,"Kanachuru,Mudigere,Chikmagalur,Karnataka,India"
29,570,Chikmagalur,5531,Mudigere ,610002,Hanthuru,"Hanthuru,Mudigere,Chikmagalur,Karnataka,India"
29,571,Tumkur,5532,Chiknayakanhalli ,610227,Kuppuru,"Kuppuru,Chiknayakanhalli,Tumkur,Karnataka,India"
29,571,Tumkur,5533,Sira ,610394,Yaliyuru,"Yaliyuru,Sira,Tumkur,Karnataka,India"
29,571,Tumkur,5539,Tiptur ,612169,Bajaguru,"Bajaguru,Tiptur,Tumkur,Karnataka,India"
29,572,Bangalore,5542,Bangalore North,612850,Dibburu,"Dibburu,Bangalore North,Bangalore,Karnataka,India"
29,572,Bangalore,5544,Bangalore East,613119,Mulluru,"Mulluru,Bangalore East,Bangalore,Karnataka,India"
29,573,Mandya,5547,Nagamangala ,613710,Belluru,"Belluru,Nagamangala,Mandya,Karnataka,India"
29,573,Mandya,5551,Maddur ,614556,Athaguru,"Athaguru,Maddur,Mandya,Karnataka,India"
29,573,Mandya,5552,Malavalli ,614675,Banduru,"Banduru,Malavalli,Mandya,Karnataka,India"
29,573,Mandya,5552,Malavalli ,614677,Nenanuru,"Nenanuru,Malavalli,Mandya,Karnataka,India"
29,573,Mandya,5552,Malavalli ,614689,Yamaduru,"Yamaduru,Malavalli,Mandya,Karnataka,India"
29,573,Mandya,5552,Malavalli ,614691,Ganaganuru,"Ganaganuru,Malavalli,Mandya,Karnataka,India"
29,573,Mandya,5552,Malavalli ,614775,Halaguru,"Halaguru,Malavalli,Mandya,Karnataka,India"
29,573,Mandya,5552,Malavalli ,614828,Saraguru,"Saraguru,Malavalli,Mandya,Karnataka,India"
29,574,Hassan,5555,Arsikere ,615675,Jajuru,"Jajuru,Arsikere,Hassan,Karnataka,India"
29,574,Hassan,5557,Alur ,616250,Bembaluru,"Bembaluru,Alur,Hassan,Karnataka,India"
29,574,Hassan,5557,Alur ,616273,Dhaturu,"Dhaturu,Alur,Hassan,Karnataka,India"
29,574,Hassan,5557,Alur ,616281,Huskuru,"Huskuru,Alur,Hassan,Karnataka,India"
29,574,Hassan,5557,Alur ,616318,Taluru,"Taluru,Alur,Hassan,Karnataka,India"
29,574,Hassan,5557,Alur ,616344,Belluru,"Belluru,Alur,Hassan,Karnataka,India"
29,574,Hassan,5557,Alur ,616357,Chigaluru,"Chigaluru,Alur,Hassan,Karnataka,India"
29,574,Hassan,5557,Alur ,616366,Nalluru,"Nalluru,Alur,Hassan,Karnataka,India"
29,574,Hassan,5557,Alur ,616372,Balluru,"Balluru,Alur,Hassan,Karnataka,India"
29,574,Hassan,5557,Alur ,616417,Hosuru,"Hosuru,Alur,Hassan,Karnataka,India"
29,574,Hassan,5558,Arkalgud ,616536,Yadiyuru,"Yadiyuru,Arkalgud,Hassan,Karnataka,India"
29,575,Dakshina Kannada,5561,Mangalore,617458,Puchhamoguru,"Puchhamoguru,Mangalore,Dakshina Kannada,Karnataka,India"
29,575,Dakshina Kannada,5561,Mangalore,617490,Muthuru,"Muthuru,Mangalore,Dakshina Kannada,Karnataka,India"
29,575,Dakshina Kannada,5562,Bantval ,617576,Bolanthuru,"Bolanthuru,Bantval,Dakshina Kannada,Karnataka,India"
29,575,Dakshina Kannada,5563,Beltangadi ,617608,Kuthluru,"Kuthluru,Beltangadi,Dakshina Kannada,Karnataka,India"
29,575,Dakshina Kannada,5563,Beltangadi ,617627,Badagakaranduru,"Badagakaranduru,Beltangadi,Dakshina Kannada,Karnataka,India"
29,575,Dakshina Kannada,5563,Beltangadi ,617632,Nalkuru,"Nalkuru,Beltangadi,Dakshina Kannada,Karnataka,India"
29,575,Dakshina Kannada,5563,Beltangadi ,617634,Thenkakaranduru,"Thenkakaranduru,Beltangadi,Dakshina Kannada,Karnataka,India"
29,575,Dakshina Kannada,5563,Beltangadi ,617645,Munduru,"Munduru,Beltangadi,Dakshina Kannada,Karnataka,India"
29,575,Dakshina Kannada,5564,Puttur,617695,Bajathuru,"Bajathuru,Puttur,Dakshina Kannada,Karnataka,India"
29,576,Kodagu,5566,Madikeri ,617802,Singathuru,"Singathuru,Madikeri,Kodagu,Karnataka,India"
29,576,Kodagu,5567,Somvarpet ,617860,Kasuru,"Kasuru,Somvarpet,Kodagu,Karnataka,India"
29,576,Kodagu,5567,Somvarpet ,617888,Kitturu,"Kitturu,Somvarpet,Kodagu,Karnataka,India"
29,577,Mysore,5569,Piriyapatna ,618184,Eachuru,"Eachuru,Piriyapatna,Mysore,Karnataka,India"
29,577,Mysore,5569,Piriyapatna ,618186,Kudakuru,"Kudakuru,Piriyapatna,Mysore,Karnataka,India"
29,577,Mysore,5569,Piriyapatna ,618208,Seeguru,"Seeguru,Piriyapatna,Mysore,Karnataka,India"
29,577,Mysore,5570,Hunsur ,618301,Keriyuru,"Keriyuru,Hunsur,Mysore,Karnataka,India"
29,577,Mysore,5570,Hunsur ,618303,Mulluru,"Mulluru,Hunsur,Mysore,Karnataka,India"
29,577,Mysore,5570,Hunsur ,618307,Mylamburu,"Mylamburu,Hunsur,Mysore,Karnataka,India"
29,577,Mysore,5570,Hunsur ,618312,Moduru,"Moduru,Hunsur,Mysore,Karnataka,India"
29,577,Mysore,5570,Hunsur ,618328,Siriyuru,"Siriyuru,Hunsur,Mysore,Karnataka,India"
29,577,Mysore,5570,Hunsur ,618370,Kiranguru,"Kiranguru,Hunsur,Mysore,Karnataka,India"
29,577,Mysore,5570,Hunsur ,618384,Abburu,"Abburu,Hunsur,Mysore,Karnataka,India"
29,577,Mysore,5570,Hunsur ,618412,Maraduru,"Maraduru,Hunsur,Mysore,Karnataka,India"
29,577,Mysore,5570,Hunsur ,618431,Udduru,"Udduru,Hunsur,Mysore,Karnataka,India"
29,577,Mysore,5571,Krishnarajanagara ,618509,Kulume Hosuru,"Kulume Hosuru,Krishnarajanagara,Mysore,Karnataka,India"
29,577,Mysore,5571,Krishnarajanagara ,618510,Munduru,"Munduru,Krishnarajanagara,Mysore,Karnataka,India"
29,577,Mysore,5571,Krishnarajanagara ,618520,Saraguru,"Saraguru,Krishnarajanagara,Mysore,Karnataka,India"
29,577,Mysore,5571,Krishnarajanagara ,618546,Meluru,"Meluru,Krishnarajanagara,Mysore,Karnataka,India"
29,577,Mysore,5571,Krishnarajanagara ,618563,Hosuru,"Hosuru,Krishnarajanagara,Mysore,Karnataka,India"
29,577,Mysore,5571,Krishnarajanagara ,618585,Adaguru,"Adaguru,Krishnarajanagara,Mysore,Karnataka,India"
29,577,Mysore,5571,Krishnarajanagara ,618594,Abburu,"Abburu,Krishnarajanagara,Mysore,Karnataka,India"
29,577,Mysore,5571,Krishnarajanagara ,618618,Haleyuru,"Haleyuru,Krishnarajanagara,Mysore,Karnataka,India"
29,577,Mysore,5572,Mysore ,618734,Kuppaluru,"Kuppaluru,Mysore,Mysore,Karnataka,India"
29,577,Mysore,5572,Mysore ,618758,Udburu,"Udburu,Mysore,Mysore,Karnataka,India"
29,577,Mysore,5572,Mysore ,618762,Thaluru,"Thaluru,Mysore,Mysore,Karnataka,India"
29,577,Mysore,5572,Mysore ,618775,Thoreyanakaturu,"Thoreyanakaturu,Mysore,Mysore,Karnataka,India"
29,577,Mysore,5572,Mysore ,618779,Chikkakaturu,"Chikkakaturu,Mysore,Mysore,Karnataka,India"
29,577,Mysore,5572,Mysore ,618780,Doddakaturu,"Doddakaturu,Mysore,Mysore,Karnataka,India"
29,577,Mysore,5573,Heggadadevankote ,619047,Kalasuru,"Kalasuru,Heggadadevankote,Mysore,Karnataka,India"
29,577,Mysore,5573,Heggadadevankote ,619075,Agathuru,"Agathuru,Heggadadevankote,Mysore,Karnataka,India"
29,577,Mysore,5573,Heggadadevankote ,619087,Haleyuru,"Haleyuru,Heggadadevankote,Mysore,Karnataka,India"
29,577,Mysore,5573,Heggadadevankote ,619090,Konanalathuru,"Konanalathuru,Heggadadevankote,Mysore,Karnataka,India"
29,577,Mysore,5573,Heggadadevankote ,619103,Beguru,"Beguru,Heggadadevankote,Mysore,Karnataka,India"
29,577,Mysore,5573,Heggadadevankote ,619112,Moleyuru,"Moleyuru,Heggadadevankote,Mysore,Karnataka,India"
29,577,Mysore,5574,Nanjangud ,619139,Kadaburu,"Kadaburu,Nanjangud,Mysore,Karnataka,India"
29,577,Mysore,5574,Nanjangud ,619185,Maraluru,"Maraluru,Nanjangud,Mysore,Karnataka,India"
29,577,Mysore,5574,Nanjangud ,619218,Thayuru,"Thayuru,Nanjangud,Mysore,Karnataka,India"
29,577,Mysore,5575,Tirumakudal - Narsipur ,619319,Hegguru,"Hegguru,Tirumakudal - Narsipur,Mysore,Karnataka,India"
29,577,Mysore,5575,Tirumakudal - Narsipur ,619321,Thuruganuru,"Thuruganuru,Tirumakudal - Narsipur,Mysore,Karnataka,India"
29,577,Mysore,5575,Tirumakudal - Narsipur ,619332,Maliyuru,"Maliyuru,Tirumakudal - Narsipur,Mysore,Karnataka,India"
29,577,Mysore,5575,Tirumakudal - Narsipur ,619358,Kolathuru,"Kolathuru,Tirumakudal - Narsipur,Mysore,Karnataka,India"
29,577,Mysore,5575,Tirumakudal - Narsipur ,619387,Honnuru,"Honnuru,Tirumakudal - Narsipur,Mysore,Karnataka,India"
29,577,Mysore,5575,Tirumakudal - Narsipur ,619397,Hunsuru,"Hunsuru,Tirumakudal - Narsipur,Mysore,Karnataka,India"
29,577,Mysore,5575,Tirumakudal - Narsipur ,619398,Kiragasuru,"Kiragasuru,Tirumakudal - Narsipur,Mysore,Karnataka,India"
29,577,Mysore,5575,Tirumakudal - Narsipur ,619399,Kudluru,"Kudluru,Tirumakudal - Narsipur,Mysore,Karnataka,India"
29,577,Mysore,5575,Tirumakudal - Narsipur ,619409,Hiriyuru,"Hiriyuru,Tirumakudal - Narsipur,Mysore,Karnataka,India"
29,577,Mysore,5575,Tirumakudal - Narsipur ,619411,Kuruburu,"Kuruburu,Tirumakudal - Narsipur,Mysore,Karnataka,India"
29,577,Mysore,5575,Tirumakudal - Narsipur ,619413,Sujjaluru,"Sujjaluru,Tirumakudal - Narsipur,Mysore,Karnataka,India"
29,577,Mysore,5575,Tirumakudal - Narsipur ,619414,Hyakanuru,"Hyakanuru,Tirumakudal - Narsipur,Mysore,Karnataka,India"
29,577,Mysore,5575,Tirumakudal - Narsipur ,619418,Muguru,"Muguru,Tirumakudal - Narsipur,Mysore,Karnataka,India"
29,577,Mysore,5575,Tirumakudal - Narsipur ,619438,Kukkuru,"Kukkuru,Tirumakudal - Narsipur,Mysore,Karnataka,India"
29,577,Mysore,5575,Tirumakudal - Narsipur ,619440,Kaliyuru,"Kaliyuru,Tirumakudal - Narsipur,Mysore,Karnataka,India"
29,578,Chamarajanagar,5577,Chamarajanagar ,619621,Kasturu,"Kasturu,Chamarajanagar,Chamarajanagar,Karnataka,India"
29,578,Chamarajanagar,5577,Chamarajanagar ,619689,Maliyuru,"Maliyuru,Chamarajanagar,Chamarajanagar,Karnataka,India"
29,578,Chamarajanagar,5577,Chamarajanagar ,619726,Meluru,"Meluru,Chamarajanagar,Chamarajanagar,Karnataka,India"
29,578,Chamarajanagar,5577,Chamarajanagar ,619755,Saraguru,"Saraguru,Chamarajanagar,Chamarajanagar,Karnataka,India"
29,578,Chamarajanagar,5577,Chamarajanagar ,619780,Kulluru,"Kulluru,Chamarajanagar,Chamarajanagar,Karnataka,India"
29,581,Kolar,5590,Srinivaspur ,621410,Pedduru,"Pedduru,Srinivaspur,Kolar,Karnataka,India"
29,581,Kolar,5590,Srinivaspur ,621418,Bykothuru,"Bykothuru,Srinivaspur,Kolar,Karnataka,India"
29,581,Kolar,5590,Srinivaspur ,621592,Nilaturu,"Nilaturu,Srinivaspur,Kolar,Karnataka,India"
29,581,Kolar,5590,Srinivaspur ,621655,C. Hosuru,"C. Hosuru,Srinivaspur,Kolar,Karnataka,India"
29,581,Kolar,5590,Srinivaspur ,621705,Yammanuru,"Yammanuru,Srinivaspur,Kolar,Karnataka,India"
29,581,Kolar,5592,Malur ,622265,Chikka Iggaluru,"Chikka Iggaluru,Malur,Kolar,Karnataka,India"
29,581,Kolar,5593,Bangarapet ,622583,Muthanuru,"Muthanuru,Bangarapet,Kolar,Karnataka,India"
29,581,Kolar,5593,Bangarapet ,622720,Hulkuru,"Hulkuru,Bangarapet,Kolar,Karnataka,India"
29,581,Kolar,5593,Bangarapet ,622808,Karadaguru,"Karadaguru,Bangarapet,Kolar,Karnataka,India"
29,581,Kolar,5593,Bangarapet ,622827,Kururu,"Kururu,Bangarapet,Kolar,Karnataka,India"
29,581,Kolar,5594,Mulbagal ,622895,Nalluru,"Nalluru,Mulbagal,Kolar,Karnataka,India"
29,581,Kolar,5594,Mulbagal ,623128,Kothuru,"Kothuru,Mulbagal,Kolar,Karnataka,India"
29,581,Kolar,5594,Mulbagal ,623137,Kothuru,"Kothuru,Mulbagal,Kolar,Karnataka,India"
29,581,Kolar,5594,Mulbagal ,623184,Korevenuru,"Korevenuru,Mulbagal,Kolar,Karnataka,India"
29,582,Chikkaballapura,5596,Chikkaballapura,623463,Koduru,"Koduru,Chikkaballapura,Chikkaballapura,Karnataka,India"
29,582,Chikkaballapura,5599,Sidlaghatta ,624222,Bodaguru,"Bodaguru,Sidlaghatta,Chikkaballapura,Karnataka,India"
29,582,Chikkaballapura,5599,Sidlaghatta ,624248,Thaduru,"Thaduru,Sidlaghatta,Chikkaballapura,Karnataka,India"
29,582,Chikkaballapura,5600,Chintamani ,624316,Thuluvanuru,"Thuluvanuru,Chintamani,Chikkaballapura,Karnataka,India"
29,582,Chikkaballapura,5600,Chintamani ,624460,Pedduru,"Pedduru,Chintamani,Chikkaballapura,Karnataka,India"
29,582,Chikkaballapura,5600,Chintamani ,624589,Bodaguru,"Bodaguru,Chintamani,Chikkaballapura,Karnataka,India"
29,582,Chikkaballapura,5600,Chintamani ,624604,Atturu,"Atturu,Chintamani,Chikkaballapura,Karnataka,India"
29,582,Chikkaballapura,5600,Chintamani ,624612,Vaizakuru,"Vaizakuru,Chintamani,Chikkaballapura,Karnataka,India"
29,582,Chikkaballapura,5600,Chintamani ,624642,Diguru,"Diguru,Chintamani,Chikkaballapura,Karnataka,India"
29,582,Chikkaballapura,5600,Chintamani ,624677,Hosuru,"Hosuru,Chintamani,Chikkaballapura,Karnataka,India"
29,582,Chikkaballapura,5600,Chintamani ,624697,Kuruburu,"Kuruburu,Chintamani,Chikkaballapura,Karnataka,India"
29,583,Bangalore Rural,5601,Nelamangala ,624743,Lakkuru,"Lakkuru,Nelamangala,Bangalore Rural,Karnataka,India"
29,584,Ramanagara,5605,Magadi ,625844,Biskuru,"Biskuru,Magadi,Ramanagara,Karnataka,India"
29,584,Ramanagara,5605,Magadi ,625879,Goruru,"Goruru,Magadi,Ramanagara,Karnataka,India"
29,584,Ramanagara,5605,Magadi ,625888,Soluru,"Soluru,Magadi,Ramanagara,Karnataka,India"
29,584,Ramanagara,5605,Magadi ,625896,Kudaluru,"Kudaluru,Magadi,Ramanagara,Karnataka,India"
29,584,Ramanagara,5605,Magadi ,625897,Chikkasoluru,"Chikkasoluru,Magadi,Ramanagara,Karnataka,India"
29,584,Ramanagara,5605,Magadi ,625914,Malluru,"Malluru,Magadi,Ramanagara,Karnataka,India"
29,584,Ramanagara,5607,Channapatna ,626207,Guddehosuru,"Guddehosuru,Channapatna,Ramanagara,Karnataka,India"
29,584,Ramanagara,5607,Channapatna ,626214,Koluru,"Koluru,Channapatna,Ramanagara,Karnataka,India"
29,584,Ramanagara,5607,Channapatna ,626259,Chikka Maluru,"Chikka Maluru,Channapatna,Ramanagara,Karnataka,India"
29,584,Ramanagara,5607,Channapatna ,626305,Nunnuru,"Nunnuru,Channapatna,Ramanagara,Karnataka,India"
29,584,Ramanagara,5607,Channapatna ,626307,Iggaluru,"Iggaluru,Channapatna,Ramanagara,Karnataka,India"
29,584,Ramanagara,5607,Channapatna ,626308,Saraguru,"Saraguru,Channapatna,Ramanagara,Karnataka,India"
29,584,Ramanagara,5608,Kanakapura ,626378,Cheeluru,"Cheeluru,Kanakapura,Ramanagara,Karnataka,India"
29,584,Ramanagara,5608,Kanakapura ,626410,Goduru,"Goduru,Kanakapura,Ramanagara,Karnataka,India"
29,584,Ramanagara,5608,Kanakapura ,626483,Kunuru,"Kunuru,Kanakapura,Ramanagara,Karnataka,India"
29,584,Ramanagara,5608,Kanakapura ,626532,Halasuru,"Halasuru,Kanakapura,Ramanagara,Karnataka,India"
29,584,Ramanagara,5608,Kanakapura ,626542,Dunthuru,"Dunthuru,Kanakapura,Ramanagara,Karnataka,India"
29,584,Ramanagara,5608,Kanakapura ,626565,Hegganuru,"Hegganuru,Kanakapura,Ramanagara,Karnataka,India"
29,584,Ramanagara,5608,Kanakapura ,626580,Mugguru,"Mugguru,Kanakapura,Ramanagara,Karnataka,India"
29,584,Ramanagara,5608,Kanakapura ,626584,Halasuru,"Halasuru,Kanakapura,Ramanagara,Karnataka,India"
29,584,Ramanagara,5608,Kanakapura ,626618,Hanakadaburu,"Hanakadaburu,Kanakapura,Ramanagara,Karnataka,India"
29,555,Belgaum,5434,Athni,597251,Bevanoor,"Bevanoor,Athni,Belgaum,Karnataka,India"
29,555,Belgaum,5434,Athni,597265,Shivanoor,"Shivanoor,Athni,Belgaum,Karnataka,India"
29,555,Belgaum,5434,Athni,597345,Kokatnoor,"Kokatnoor,Athni,Belgaum,Karnataka,India"
29,555,Belgaum,5434,Athni,597348,Kodaganoor,"Kodaganoor,Athni,Belgaum,Karnataka,India"
29,555,Belgaum,5440,Sampgaon,598135,Kenganoor,"Kenganoor,Sampgaon,Belgaum,Karnataka,India"
29,556,Bagalkot ,5446,Badami,598683,Hansanoor,"Hansanoor,Badami,Bagalkot,Karnataka,India"
29,556,Bagalkot ,5447,Bagalkot,598853,Bevoor,"Bevoor,Bagalkot,Bagalkot,Karnataka,India"
29,556,Bagalkot ,5448,Hungund,598909,Nandanoor,"Nandanoor,Hungund,Bagalkot,Karnataka,India"
29,557,Bijapur,5450,Indi,599204,Jevoor,"Jevoor,Indi,Bijapur,Karnataka,India"
29,557,Bijapur,5451,Sindgi,599404,Devoor,"Devoor,Sindgi,Bijapur,Karnataka,India"
29,557,Bijapur,5453,Muddebihal,599600,Bavoor,"Bavoor,Muddebihal,Bijapur,Karnataka,India"
29,557,Bijapur,5453,Muddebihal,599630,Devoor,"Devoor,Muddebihal,Bijapur,Karnataka,India"
29,558,Bidar,5454,Basavakalyan ,599724,Hulsoor,"Hulsoor,Basavakalyan,Bidar,Karnataka,India"
29,558,Bidar,5454,Basavakalyan ,599813,Kohinoor,"Kohinoor,Basavakalyan,Bidar,Karnataka,India"
29,558,Bidar,5455,Bhalki ,599863,Atnoor,"Atnoor,Bhalki,Bidar,Karnataka,India"
29,558,Bidar,5455,Bhalki ,599894,Keroor,"Keroor,Bhalki,Bidar,Karnataka,India"
29,558,Bidar,5455,Bhalki ,599908,Koroor,"Koroor,Bhalki,Bidar,Karnataka,India"
29,558,Bidar,5455,Bhalki ,599924,Maroor,"Maroor,Bhalki,Bidar,Karnataka,India"
29,558,Bidar,5455,Bhalki ,599949,Nagoor,"Nagoor,Bhalki,Bidar,Karnataka,India"
29,558,Bidar,5455,Bhalki ,599961,Rudnoor,"Rudnoor,Bhalki,Bidar,Karnataka,India"
29,558,Bidar,5456,Aurad ,599994,Madnoor,"Madnoor,Aurad,Bidar,Karnataka,India"
29,558,Bidar,5456,Aurad ,600014,Hulsoor,"Hulsoor,Aurad,Bidar,Karnataka,India"
29,558,Bidar,5456,Aurad ,600087,Nandi Nagoor,"Nandi Nagoor,Aurad,Bidar,Karnataka,India"
29,558,Bidar,5457,Bidar ,600179,Ashtoor,"Ashtoor,Bidar,Bidar,Karnataka,India"
29,558,Bidar,5457,Bidar ,600253,Bhangoor,"Bhangoor,Bidar,Bidar,Karnataka,India"
29,558,Bidar,5458,Homnabad ,600263,Mugnoor,"Mugnoor,Homnabad,Bidar,Karnataka,India"
29,558,Bidar,5458,Homnabad ,600294,Dhumansoor,"Dhumansoor,Homnabad,Bidar,Karnataka,India"
29,559,Raichur,5459,Lingsugur ,600381,Hunoor,"Hunoor,Lingsugur,Raichur,Karnataka,India"
29,559,Raichur,5460,Devadurga ,600688,Mustoor,"Mustoor,Devadurga,Raichur,Karnataka,India"
29,559,Raichur,5461,Raichur ,600740,Wadloor,"Wadloor,Raichur,Raichur,Karnataka,India"
29,559,Raichur,5461,Raichur ,600807,Kuknoor,"Kuknoor,Raichur,Raichur,Karnataka,India"
29,559,Raichur,5461,Raichur ,600868,Dugnoor,"Dugnoor,Raichur,Raichur,Karnataka,India"
29,559,Raichur,5462,Manvi ,600896,Tupdoor,"Tupdoor,Manvi,Raichur,Karnataka,India"
29,559,Raichur,5462,Manvi ,600912,Hire Kadboor,"Hire Kadboor,Manvi,Raichur,Karnataka,India"
29,559,Raichur,5462,Manvi ,600924,Sunknoor,"Sunknoor,Manvi,Raichur,Karnataka,India"
29,559,Raichur,5462,Manvi ,601026,Mustoor,"Mustoor,Manvi,Raichur,Karnataka,India"
29,559,Raichur,5463,Sindhnur ,601111,Kanoor,"Kanoor,Sindhnur,Raichur,Karnataka,India"
29,559,Raichur,5463,Sindhnur ,601186,Alabanoor,"Alabanoor,Sindhnur,Raichur,Karnataka,India"
29,559,Raichur,5463,Sindhnur ,601192,Gonniganoor,"Gonniganoor,Sindhnur,Raichur,Karnataka,India"
29,560,Koppal,5464,Yelbarga ,601318,Bevoor,"Bevoor,Yelbarga,Koppal,Karnataka,India"
29,560,Koppal,5464,Yelbarga ,601329,Chendoor,"Chendoor,Yelbarga,Koppal,Karnataka,India"
29,560,Koppal,5464,Yelbarga ,601342,Rajoor,"Rajoor,Yelbarga,Koppal,Karnataka,India"
29,560,Koppal,5464,Yelbarga ,601343,Adoor,"Adoor,Yelbarga,Koppal,Karnataka,India"
29,560,Koppal,5464,Yelbarga ,601348,Kuknoor,"Kuknoor,Yelbarga,Koppal,Karnataka,India"
29,560,Koppal,5465,Kushtagi ,601376,Achnoor,"Achnoor,Kushtagi,Koppal,Karnataka,India"
29,560,Koppal,5465,Kushtagi ,601415,Mugnoor,"Mugnoor,Kushtagi,Koppal,Karnataka,India"
29,560,Koppal,5465,Kushtagi ,601419,Kadoor,"Kadoor,Kushtagi,Koppal,Karnataka,India"
29,560,Koppal,5465,Kushtagi ,601421,Huchnoor,"Huchnoor,Kushtagi,Koppal,Karnataka,India"
29,560,Koppal,5465,Kushtagi ,601471,Mudenoor,"Mudenoor,Kushtagi,Koppal,Karnataka,India"
29,560,Koppal,5465,Kushtagi ,601472,Kudloor,"Kudloor,Kushtagi,Koppal,Karnataka,India"
29,560,Koppal,5465,Kushtagi ,601477,Kesoor,"Kesoor,Kushtagi,Koppal,Karnataka,India"
29,560,Koppal,5466,Gangawati ,601701,Eliganoor,"Eliganoor,Gangawati,Koppal,Karnataka,India"
29,560,Koppal,5466,Gangawati ,601703,Ulenoor,"Ulenoor,Gangawati,Koppal,Karnataka,India"
29,560,Koppal,5466,Gangawati ,601707,Shalignoor,"Shalignoor,Gangawati,Koppal,Karnataka,India"
29,560,Koppal,5467,Koppal ,601710,Kawaloor,"Kawaloor,Koppal,Koppal,Karnataka,India"
29,562,Dharwad,5474,Navalgund ,602321,Javoor,"Javoor,Navalgund,Dharwad,Karnataka,India"
29,563,Uttara Kannada,5481,Yellapur ,602961,Kundoor,"Kundoor,Yellapur,Uttara Kannada,Karnataka,India"
29,563,Uttara Kannada,5482,Mundgod ,603014,Indoor,"Indoor,Mundgod,Uttara Kannada,Karnataka,India"
29,563,Uttara Kannada,5482,Mundgod ,603046,Nagnoor,"Nagnoor,Mundgod,Uttara Kannada,Karnataka,India"
29,563,Uttara Kannada,5487,Honavar ,603728,Hodke Shiroor,"Hodke Shiroor,Honavar,Uttara Kannada,Karnataka,India"
29,563,Uttara Kannada,5487,Honavar ,603740,Vandoor,"Vandoor,Honavar,Uttara Kannada,Karnataka,India"
29,563,Uttara Kannada,5487,Honavar ,603747,Kelginoor,"Kelginoor,Honavar,Uttara Kannada,Karnataka,India"
29,563,Uttara Kannada,5488,Bhatkal ,603854,Yelavadikavoor,"Yelavadikavoor,Bhatkal,Uttara Kannada,Karnataka,India"
29,563,Uttara Kannada,5488,Bhatkal ,603871,Benandoor,"Benandoor,Bhatkal,Uttara Kannada,Karnataka,India"
29,564,Haveri,5490,Savanur ,603990,Savoor,"Savoor,Savanur,Haveri,Karnataka,India"
29,565,Bellary,5496,Hadagalli,604604,Angoor,"Angoor,Hadagalli,Bellary,Karnataka,India"
29,565,Bellary,5502,Kudligi ,605051,Bevoor,"Bevoor,Kudligi,Bellary,Karnataka,India"
29,567,Davanagere,5510,Harapanahalli ,606312,Nandibevoor,"Nandibevoor,Harapanahalli,Davanagere,Karnataka,India"
29,567,Davanagere,5512,Davanagere ,606590,Igoor,"Igoor,Davanagere,Davanagere,Karnataka,India"
29,567,Davanagere,5513,Honnali ,606860,Iyanoor,"Iyanoor,Honnali,Davanagere,Karnataka,India"
29,567,Davanagere,5514,Channagiri ,606938,Kogaloor,"Kogaloor,Channagiri,Davanagere,Karnataka,India"
29,567,Davanagere,5514,Channagiri ,606998,Hiregangoor,"Hiregangoor,Channagiri,Davanagere,Karnataka,India"
29,567,Davanagere,5514,Channagiri ,606999,Chikgangoor,"Chikgangoor,Channagiri,Davanagere,Karnataka,India"
29,568,Shimoga,5518,Hosanagara ,607936,Nevatoor,"Nevatoor,Hosanagara,Shimoga,Karnataka,India"
29,568,Shimoga,5518,Hosanagara ,607941,Govatoor,"Govatoor,Hosanagara,Shimoga,Karnataka,India"
29,568,Shimoga,5518,Hosanagara ,607990,Kadasoor,"Kadasoor,Hosanagara,Shimoga,Karnataka,India"
29,568,Shimoga,5519,Tirthahalli,608104,Tyarandoor,"Tyarandoor,Tirthahalli,Shimoga,Karnataka,India"
29,568,Shimoga,5519,Tirthahalli,608205,Kanaboor,"Kanaboor,Tirthahalli,Shimoga,Karnataka,India"
29,569,Udupi,5522,Kundapura ,608660,Shiroor,"Shiroor,Kundapura,Udupi,Karnataka,India"
29,569,Udupi,5522,Kundapura ,608664,Bijoor,"Bijoor,Kundapura,Udupi,Karnataka,India"
29,569,Udupi,5522,Kundapura ,608675,Heroor,"Heroor,Kundapura,Udupi,Karnataka,India"
29,569,Udupi,5522,Kundapura ,608679,Byndoor,"Byndoor,Kundapura,Udupi,Karnataka,India"
29,569,Udupi,5522,Kundapura ,608684,Mudoor,"Mudoor,Kundapura,Udupi,Karnataka,India"
29,569,Udupi,5522,Kundapura ,608694,Kattabelthoor,"Kattabelthoor,Kundapura,Udupi,Karnataka,India"
29,569,Udupi,5522,Kundapura ,608698,Harkoor,"Harkoor,Kundapura,Udupi,Karnataka,India"
29,569,Udupi,5522,Kundapura ,608702,Kenchanoor,"Kenchanoor,Kundapura,Udupi,Karnataka,India"
29,569,Udupi,5522,Kundapura ,608706,Aloor,"Aloor,Kundapura,Udupi,Karnataka,India"
29,569,Udupi,5522,Kundapura ,608708,Chittoor,"Chittoor,Kundapura,Udupi,Karnataka,India"
29,569,Udupi,5522,Kundapura ,608709,Hosoor,"Hosoor,Kundapura,Udupi,Karnataka,India"
29,569,Udupi,5522,Kundapura ,608725,Hangaloor,"Hangaloor,Kundapura,Udupi,Karnataka,India"
29,569,Udupi,5522,Kundapura ,608731,Ulthoor,"Ulthoor,Kundapura,Udupi,Karnataka,India"
29,569,Udupi,5522,Kundapura ,608732,Beloor,"Beloor,Kundapura,Udupi,Karnataka,India"
29,569,Udupi,5522,Kundapura ,608733,Kedoor,"Kedoor,Kundapura,Udupi,Karnataka,India"
29,569,Udupi,5522,Kundapura ,608744,Heskathoor,"Heskathoor,Kundapura,Udupi,Karnataka,India"
29,569,Udupi,5523,Udupi,608759,Manoor,"Manoor,Udupi,Udupi,Karnataka,India"
29,569,Udupi,5523,Udupi,608784,33 Shiroor,"33 Shiroor,Udupi,Udupi,Karnataka,India"
29,569,Udupi,5523,Udupi,608793,Uppoor,"Uppoor,Udupi,Udupi,Karnataka,India"
29,569,Udupi,5523,Udupi,608795,Aroor,"Aroor,Udupi,Udupi,Karnataka,India"
29,569,Udupi,5523,Udupi,608801,Pejamangoor,"Pejamangoor,Udupi,Udupi,Karnataka,India"
29,569,Udupi,5523,Udupi,608805,Kenjoor,"Kenjoor,Udupi,Udupi,Karnataka,India"
29,569,Udupi,5523,Udupi,608807,Hosoor,"Hosoor,Udupi,Udupi,Karnataka,India"
29,569,Udupi,5523,Udupi,608808,Perdoor,"Perdoor,Udupi,Udupi,Karnataka,India"
29,569,Udupi,5523,Udupi,608811,41 Shiroor,"41 Shiroor,Udupi,Udupi,Karnataka,India"
29,569,Udupi,5523,Udupi,608826,92 Heroor,"92 Heroor,Udupi,Udupi,Karnataka,India"
29,569,Udupi,5523,Udupi,608827,Padoor,"Padoor,Udupi,Udupi,Karnataka,India"
29,569,Udupi,5523,Udupi,608828,Majoor,"Majoor,Udupi,Udupi,Karnataka,India"
29,569,Udupi,5523,Udupi,608833,Muloor,"Muloor,Udupi,Udupi,Karnataka,India"
29,569,Udupi,5523,Udupi,608843,Nandicoor,"Nandicoor,Udupi,Udupi,Karnataka,India"
29,569,Udupi,5523,Udupi,608844,Santhoor,"Santhoor,Udupi,Udupi,Karnataka,India"
29,569,Udupi,5524,Karkal ,608875,Padukudoor,"Padukudoor,Karkal,Udupi,Karnataka,India"
29,569,Udupi,5524,Karkal ,608890,Bailoor,"Bailoor,Karkal,Udupi,Karnataka,India"
29,569,Udupi,5524,Karkal ,608891,Kowdoor,"Kowdoor,Karkal,Udupi,Karnataka,India"
29,569,Udupi,5524,Karkal ,608892,Ninjoor,"Ninjoor,Karkal,Udupi,Karnataka,India"
29,569,Udupi,5524,Karkal ,608895,Kukkundoor,"Kukkundoor,Karkal,Udupi,Karnataka,India"
29,570,Chikmagalur,5527,Narasimharajapura ,609050,Madaboor,"Madaboor,Narasimharajapura,Chikmagalur,Karnataka,India"
29,570,Chikmagalur,5527,Narasimharajapura ,609063,Ravoor,"Ravoor,Narasimharajapura,Chikmagalur,Karnataka,India"
29,570,Chikmagalur,5528,Tarikere ,609237,Dandoor,"Dandoor,Tarikere,Chikmagalur,Karnataka,India"
29,570,Chikmagalur,5528,Tarikere ,609254,Banoor,"Banoor,Tarikere,Chikmagalur,Karnataka,India"
29,570,Chikmagalur,5528,Tarikere ,609257,Javoor,"Javoor,Tarikere,Chikmagalur,Karnataka,India"
29,570,Chikmagalur,5530,Chikmagalur ,609672,Manaboor,"Manaboor,Chikmagalur,Chikmagalur,Karnataka,India"
29,570,Chikmagalur,5530,Chikmagalur ,609699,Saragoor,"Saragoor,Chikmagalur,Chikmagalur,Karnataka,India"
29,570,Chikmagalur,5530,Chikmagalur ,609705,Karagoor,"Karagoor,Chikmagalur,Chikmagalur,Karnataka,India"
29,570,Chikmagalur,5530,Chikmagalur ,609711,Bygoor,"Bygoor,Chikmagalur,Chikmagalur,Karnataka,India"
29,570,Chikmagalur,5530,Chikmagalur ,609716,Arenoor,"Arenoor,Chikmagalur,Chikmagalur,Karnataka,India"
29,570,Chikmagalur,5530,Chikmagalur ,609823,Anoor,"Anoor,Chikmagalur,Chikmagalur,Karnataka,India"
29,570,Chikmagalur,5530,Chikmagalur ,609857,Kelagoor,"Kelagoor,Chikmagalur,Chikmagalur,Karnataka,India"
29,570,Chikmagalur,5530,Chikmagalur ,609881,Tagadoor,"Tagadoor,Chikmagalur,Chikmagalur,Karnataka,India"
29,571,Tumkur,5532,Chiknayakanhalli ,610093,Nulenoor,"Nulenoor,Chiknayakanhalli,Tumkur,Karnataka,India"
29,571,Tumkur,5538,Gubbi ,611831,Adagoor,"Adagoor,Gubbi,Tumkur,Karnataka,India"
29,571,Tumkur,5538,Gubbi ,611952,Idagoor,"Idagoor,Gubbi,Tumkur,Karnataka,India"
29,571,Tumkur,5541,Kunigal ,612441,Thuruganoor,"Thuruganoor,Kunigal,Tumkur,Karnataka,India"
29,571,Tumkur,5541,Kunigal ,612715,Halevoor,"Halevoor,Kunigal,Tumkur,Karnataka,India"
29,574,Hassan,5553,Sakleshpur ,615008,Vanagoor,"Vanagoor,Sakleshpur,Hassan,Karnataka,India"
29,574,Hassan,5553,Sakleshpur ,615028,Igoor,"Igoor,Sakleshpur,Hassan,Karnataka,India"
29,574,Hassan,5553,Sakleshpur ,615031,Karagoor,"Karagoor,Sakleshpur,Hassan,Karnataka,India"
29,574,Hassan,5557,Alur ,616251,Kaganoor,"Kaganoor,Alur,Hassan,Karnataka,India"
29,574,Hassan,5557,Alur ,616410,Mavanoor,"Mavanoor,Alur,Hassan,Karnataka,India"
29,574,Hassan,5558,Arkalgud ,616501,Baisoor,"Baisoor,Arkalgud,Hassan,Karnataka,India"
29,574,Hassan,5558,Arkalgud ,616511,Honganoor,"Honganoor,Arkalgud,Hassan,Karnataka,India"
29,574,Hassan,5558,Arkalgud ,616621,Haradoor,"Haradoor,Arkalgud,Hassan,Karnataka,India"
29,574,Hassan,5558,Arkalgud ,616692,Hodenoor,"Hodenoor,Arkalgud,Hassan,Karnataka,India"
29,574,Hassan,5558,Arkalgud ,616713,Kadanoor,"Kadanoor,Arkalgud,Hassan,Karnataka,India"
29,574,Hassan,5558,Arkalgud ,616720,Saragoor,"Saragoor,Arkalgud,Hassan,Karnataka,India"
29,574,Hassan,5558,Arkalgud ,616734,Mavanoor,"Mavanoor,Arkalgud,Hassan,Karnataka,India"
29,574,Hassan,5558,Arkalgud ,616748,Gangoor,"Gangoor,Arkalgud,Hassan,Karnataka,India"
29,574,Hassan,5558,Arkalgud ,616776,Anandoor,"Anandoor,Arkalgud,Hassan,Karnataka,India"
29,574,Hassan,5559,Hole Narsipur ,616847,Mavanoor,"Mavanoor,Hole Narsipur,Hassan,Karnataka,India"
29,574,Hassan,5559,Hole Narsipur ,616879,Gangoor,"Gangoor,Hole Narsipur,Hassan,Karnataka,India"
29,574,Hassan,5560,Channarayapatna,617156,Dyavanoor,"Dyavanoor,Channarayapatna,Hassan,Karnataka,India"
29,575,Dakshina Kannada,5561,Mangalore,617434,Padupanamboor,"Padupanamboor,Mangalore,Dakshina Kannada,Karnataka,India"
29,575,Dakshina Kannada,5561,Mangalore,617480,Malavoor,"Malavoor,Mangalore,Dakshina Kannada,Karnataka,India"
29,575,Dakshina Kannada,5562,Bantval ,617568,Amtoor,"Amtoor,Bantval,Dakshina Kannada,Karnataka,India"
29,575,Dakshina Kannada,5562,Bantval ,617569,Shambhoor,"Shambhoor,Bantval,Dakshina Kannada,Karnataka,India"
29,575,Dakshina Kannada,5562,Bantval ,617594,Vittalmudnoor,"Vittalmudnoor,Bantval,Dakshina Kannada,Karnataka,India"
29,575,Dakshina Kannada,5564,Puttur,617709,Kunthoor,"Kunthoor,Puttur,Dakshina Kannada,Karnataka,India"
29,575,Dakshina Kannada,5564,Puttur,617723,Belandoor,"Belandoor,Puttur,Dakshina Kannada,Karnataka,India"
29,575,Dakshina Kannada,5564,Puttur,617725,Kaniyoor,"Kaniyoor,Puttur,Dakshina Kannada,Karnataka,India"
29,575,Dakshina Kannada,5564,Puttur,617730,Aithoor,"Aithoor,Puttur,Dakshina Kannada,Karnataka,India"
29,575,Dakshina Kannada,5564,Puttur,617738,Mundoor,"Mundoor,Puttur,Dakshina Kannada,Karnataka,India"
29,575,Dakshina Kannada,5564,Puttur,617750,Nettanigemudnoor,"Nettanigemudnoor,Puttur,Dakshina Kannada,Karnataka,India"
29,575,Dakshina Kannada,5565,Sulya ,617760,Jalsoor,"Jalsoor,Sulya,Dakshina Kannada,Karnataka,India"
29,575,Dakshina Kannada,5565,Sulya ,617764,Amarapadnoor,"Amarapadnoor,Sulya,Dakshina Kannada,Karnataka,India"
29,576,Kodagu,5566,Madikeri ,617818,Hakathoor,"Hakathoor,Madikeri,Kodagu,Karnataka,India"
29,576,Kodagu,5566,Madikeri ,617842,Peroor,"Peroor,Madikeri,Kodagu,Karnataka,India"
29,576,Kodagu,5566,Madikeri ,617852,Paloor,"Paloor,Madikeri,Kodagu,Karnataka,India"
29,576,Kodagu,5568,Virajpet ,618038,Hosoor,"Hosoor,Virajpet,Kodagu,Karnataka,India"
29,576,Kodagu,5568,Virajpet ,618056,Matoor,"Matoor,Virajpet,Kodagu,Karnataka,India"
29,576,Kodagu,5568,Virajpet ,618074,Kumtoor,"Kumtoor,Virajpet,Kodagu,Karnataka,India"
29,576,Kodagu,5568,Virajpet ,618083,Nalloor,"Nalloor,Virajpet,Kodagu,Karnataka,India"
29,577,Mysore,5569,Piriyapatna ,618105,Adagoor,"Adagoor,Piriyapatna,Mysore,Karnataka,India"
29,577,Mysore,5569,Piriyapatna ,618162,Maradoor,"Maradoor,Piriyapatna,Mysore,Karnataka,India"
29,577,Mysore,5569,Piriyapatna ,618163,Kithoor,"Kithoor,Piriyapatna,Mysore,Karnataka,India"
29,577,Mysore,5569,Piriyapatna ,618180,Kanoor,"Kanoor,Piriyapatna,Mysore,Karnataka,India"
29,577,Mysore,5569,Piriyapatna ,618237,Naviloor,"Naviloor,Piriyapatna,Mysore,Karnataka,India"
29,577,Mysore,5569,Piriyapatna ,618255,Kirangoor,"Kirangoor,Piriyapatna,Mysore,Karnataka,India"
29,577,Mysore,5569,Piriyapatna ,618269,Habatoor,"Habatoor,Piriyapatna,Mysore,Karnataka,India"
29,577,Mysore,5569,Piriyapatna ,618283,Halasoor,"Halasoor,Piriyapatna,Mysore,Karnataka,India"
29,577,Mysore,5574,Nanjangud ,619301,Konanoor,"Konanoor,Nanjangud,Mysore,Karnataka,India"
29,578,Chamarajanagar,5577,Chamarajanagar ,619636,Honganoor,"Honganoor,Chamarajanagar,Chamarajanagar,Karnataka,India"
29,579,Gulbarga,5580,Aland ,620062,Bhusnoor,"Bhusnoor,Aland,Gulbarga,Karnataka,India"
29,579,Gulbarga,5580,Aland ,620072,Sunthnoor,"Sunthnoor,Aland,Gulbarga,Karnataka,India"
29,579,Gulbarga,5581,Afzalpur ,620099,Shivoor,"Shivoor,Afzalpur,Gulbarga,Karnataka,India"
29,579,Gulbarga,5581,Afzalpur ,620148,Neeloor,"Neeloor,Afzalpur,Gulbarga,Karnataka,India"
29,579,Gulbarga,5581,Afzalpur ,620153,Atnoor,"Atnoor,Afzalpur,Gulbarga,Karnataka,India"
29,579,Gulbarga,5582,Gulbarga ,620243,Keroor,"Keroor,Gulbarga,Gulbarga,Karnataka,India"
29,579,Gulbarga,5582,Gulbarga ,620245,Harsoor,"Harsoor,Gulbarga,Gulbarga,Karnataka,India"
29,579,Gulbarga,5582,Gulbarga ,620252,Kalagnoor,"Kalagnoor,Gulbarga,Gulbarga,Karnataka,India"
29,579,Gulbarga,5582,Gulbarga ,620262,Kapnoor,"Kapnoor,Gulbarga,Gulbarga,Karnataka,India"
29,579,Gulbarga,5582,Gulbarga ,620268,Udnoor,"Udnoor,Gulbarga,Gulbarga,Karnataka,India"
29,579,Gulbarga,5582,Gulbarga ,620270,Sitnoor,"Sitnoor,Gulbarga,Gulbarga,Karnataka,India"
29,579,Gulbarga,5582,Gulbarga ,620299,Tadtegnoor,"Tadtegnoor,Gulbarga,Gulbarga,Karnataka,India"
29,579,Gulbarga,5582,Gulbarga ,620300,Sirnoor,"Sirnoor,Gulbarga,Gulbarga,Karnataka,India"
29,579,Gulbarga,5583,Chincholi ,620381,Chindnoor,"Chindnoor,Chincholi,Gulbarga,Karnataka,India"
29,579,Gulbarga,5583,Chincholi ,620447,Kupnoor,"Kupnoor,Chincholi,Gulbarga,Karnataka,India"
29,579,Gulbarga,5583,Chincholi ,620465,Rudnoor,"Rudnoor,Chincholi,Gulbarga,Karnataka,India"
29,579,Gulbarga,5584,Sedam ,620478,Mugnoor,"Mugnoor,Sedam,Gulbarga,Karnataka,India"
29,579,Gulbarga,5584,Sedam ,620551,Devnoor,"Devnoor,Sedam,Gulbarga,Karnataka,India"
29,579,Gulbarga,5584,Sedam ,620557,Dugnoor,"Dugnoor,Sedam,Gulbarga,Karnataka,India"
29,579,Gulbarga,5585,Chitapur ,620606,Bharatnoor,"Bharatnoor,Chitapur,Gulbarga,Karnataka,India"
29,579,Gulbarga,5585,Chitapur ,620619,Kamaknoor,"Kamaknoor,Chitapur,Gulbarga,Karnataka,India"
29,579,Gulbarga,5585,Chitapur ,620622,Kansoor,"Kansoor,Chitapur,Gulbarga,Karnataka,India"
29,579,Gulbarga,5585,Chitapur ,620625,Hadnoor,"Hadnoor,Chitapur,Gulbarga,Karnataka,India"
29,579,Gulbarga,5585,Chitapur ,620660,Kundanoor,"Kundanoor,Chitapur,Gulbarga,Karnataka,India"
29,579,Gulbarga,5585,Chitapur ,620661,Chamnoor,"Chamnoor,Chitapur,Gulbarga,Karnataka,India"
29,579,Gulbarga,5585,Chitapur ,620662,Kadaboor,"Kadaboor,Chitapur,Gulbarga,Karnataka,India"
29,579,Gulbarga,5585,Chitapur ,620673,Ravoor,"Ravoor,Chitapur,Gulbarga,Karnataka,India"
29,579,Gulbarga,5585,Chitapur ,620677,Satnoor,"Satnoor,Chitapur,Gulbarga,Karnataka,India"
29,579,Gulbarga,5585,Chitapur ,620700,Sanknoor,"Sanknoor,Chitapur,Gulbarga,Karnataka,India"
29,579,Gulbarga,5586,Jevargi ,620737,Mayoor,"Mayoor,Jevargi,Gulbarga,Karnataka,India"
29,579,Gulbarga,5586,Jevargi ,620741,Yatnoor,"Yatnoor,Jevargi,Gulbarga,Karnataka,India"
29,579,Gulbarga,5586,Jevargi ,620750,Kutnoor,"Kutnoor,Jevargi,Gulbarga,Karnataka,India"
29,579,Gulbarga,5586,Jevargi ,620753,Handnoor,"Handnoor,Jevargi,Gulbarga,Karnataka,India"
29,579,Gulbarga,5586,Jevargi ,620766,Ravnoor,"Ravnoor,Jevargi,Gulbarga,Karnataka,India"
29,579,Gulbarga,5586,Jevargi ,620767,Mavnoor,"Mavnoor,Jevargi,Gulbarga,Karnataka,India"
29,579,Gulbarga,5586,Jevargi ,620781,Murganoor,"Murganoor,Jevargi,Gulbarga,Karnataka,India"
29,579,Gulbarga,5586,Jevargi ,620785,Kuknoor,"Kuknoor,Jevargi,Gulbarga,Karnataka,India"
29,579,Gulbarga,5586,Jevargi ,620830,Mangaloor,"Mangaloor,Jevargi,Gulbarga,Karnataka,India"
29,580,Yadgir,5587,Shorapur ,620874,Wandgnoor,"Wandgnoor,Shorapur,Yadgir,Karnataka,India"
29,580,Yadgir,5587,Shorapur ,620877,Hadnoor,"Hadnoor,Shorapur,Yadgir,Karnataka,India"
29,580,Yadgir,5587,Shorapur ,620885,Nagnoor,"Nagnoor,Shorapur,Yadgir,Karnataka,India"
29,580,Yadgir,5587,Shorapur ,620906,Nadkoor,"Nadkoor,Shorapur,Yadgir,Karnataka,India"
29,580,Yadgir,5587,Shorapur ,620930,Kachaknoor,"Kachaknoor,Shorapur,Yadgir,Karnataka,India"
29,580,Yadgir,5587,Shorapur ,620954,Malnoor,"Malnoor,Shorapur,Yadgir,Karnataka,India"
29,580,Yadgir,5587,Shorapur ,621046,Mangloor,"Mangloor,Shorapur,Yadgir,Karnataka,India"
29,580,Yadgir,5587,Shorapur ,621067,Hemnoor,"Hemnoor,Shorapur,Yadgir,Karnataka,India"
29,580,Yadgir,5588,Shahpur,621095,Budnoor,"Budnoor,Shahpur,Yadgir,Karnataka,India"
29,580,Yadgir,5588,Shahpur,621182,Sawoor,"Sawoor,Shahpur,Yadgir,Karnataka,India"
29,580,Yadgir,5588,Shahpur,621189,Goudoor,"Goudoor,Shahpur,Yadgir,Karnataka,India"
29,580,Yadgir,5588,Shahpur,621194,Hortoor,"Hortoor,Shahpur,Yadgir,Karnataka,India"
29,580,Yadgir,5588,Shahpur,621197,Kumnoor,"Kumnoor,Shahpur,Yadgir,Karnataka,India"
29,580,Yadgir,5588,Shahpur,621202,Gondenoor,"Gondenoor,Shahpur,Yadgir,Karnataka,India"
29,580,Yadgir,5588,Shahpur,621211,Machnoor,"Machnoor,Shahpur,Yadgir,Karnataka,India"
29,580,Yadgir,5588,Shahpur,621213,Shivenoor,"Shivenoor,Shahpur,Yadgir,Karnataka,India"
29,580,Yadgir,5588,Shahpur,621221,Gundloor,"Gundloor,Shahpur,Yadgir,Karnataka,India"
29,580,Yadgir,5588,Shahpur,621223,Sugoor,"Sugoor,Shahpur,Yadgir,Karnataka,India"
29,580,Yadgir,5589,Yadgir ,621327,Sawoor,"Sawoor,Yadgir,Yadgir,Karnataka,India"
29,581,Kolar,5592,Malur ,622115,Korachanoor,"Korachanoor,Malur,Kolar,Karnataka,India"
29,581,Kolar,5592,Malur ,622417,Korachanoor,"Korachanoor,Malur,Kolar,Karnataka,India"
29,581,Kolar,5593,Bangarapet ,622781,Mustoor,"Mustoor,Bangarapet,Kolar,Karnataka,India"
29,581,Kolar,5594,Mulbagal ,623085,Mustoor,"Mustoor,Mulbagal,Kolar,Karnataka,India"
29,582,Chikkaballapura,5596,Chikkaballapura,623466,Aroor,"Aroor,Chikkaballapura,Chikkaballapura,Karnataka,India"
29,582,Chikkaballapura,5596,Chikkaballapura,623554,Mustoor,"Mustoor,Chikkaballapura,Chikkaballapura,Karnataka,India"
29,582,Chikkaballapura,5596,Chikkaballapura,623638,Kothanoor,"Kothanoor,Chikkaballapura,Chikkaballapura,Karnataka,India"
29,582,Chikkaballapura,5600,Chintamani ,624682,Anoor,"Anoor,Chintamani,Chikkaballapura,Karnataka,India"
29,583,Bangalore Rural,5601,Nelamangala ,624708,Jajoor,"Jajoor,Nelamangala,Bangalore Rural,Karnataka,India"
29,583,Bangalore Rural,5601,Nelamangala ,624717,Baragoor,"Baragoor,Nelamangala,Bangalore Rural,Karnataka,India"
29,583,Bangalore Rural,5601,Nelamangala ,624774,Melekattiganoor,"Melekattiganoor,Nelamangala,Bangalore Rural,Karnataka,India"
29,584,Ramanagara,5606,Ramanagara,626084,Ijoor,"Ijoor,Ramanagara,Ramanagara,Karnataka,India"
29,584,Ramanagara,5608,Kanakapura ,626394,Mavathoor,"Mavathoor,Kanakapura,Ramanagara,Karnataka,India"
